=== Run information ===

Scheme:       weka.classifiers.functions.SMO -C 1.0 -L 0.001 -P 1.0E-12 -N 0 -M -V -1 -W 1 -K "weka.classifiers.functions.supportVector.RBFKernel -C 250007 -G 0.01" -calibrator "weka.classifiers.functions.Logistic -R 1.0E-8 -M -1 -num-decimal-places 4"
Relation:     career_satisfaction_5class_classification-weka.filters.unsupervised.attribute.Standardize-unset-class-temporarily
Instances:    492
Attributes:   21
              Years_Since_Grad
              Professional_Status
              Univ_Studies_Effect
              Help_Lecture
              Help_Lab
              Help_Thesis
              Help_Club
              Help_Alumni
              Club_Count
              Internship_Exp
              Projects_Built
              GitHub_Habit
              Contest_Involvement
              Problem_Solving
              Current_Domain
              Domain_Switched
              Domain_Shift_Intent
              AI_Usage_Freq
              AI_Concerns_Opinion
              AI_Reliance
              Career_Satisfaction
Test mode:    5-fold cross-validation

=== Classifier model (full training set) ===

SMO

Kernel used:
  RBF Kernel: K(x,y) = exp(-0.01*(x-y)^2)

Classifier for classes: Very Dissatisfied, Dissatisfied

BinarySMO

      0.4043 * <0.222222 0 1 0 0 0 1 0.5 1 0.5 0 0.5 0.4 1 1 1 0.333333 0.75 1 0 0 0 0 0 0 0 0 0 0 0 0.666667 0 1 0 0.25 > * X]
 +       1      * <0.111111 0 0 0 0 1 0.8 0 0.25 1 0.75 0.5 0.8 1 1 1 0.666667 0.5 0 0 0 0 0 0 1 0 0 0 0 0 1 0 0 1 0.75 > * X]
 -       1      * <0.333333 0 1 0 0 0 0.8 0.25 0.25 0.5 1 0.25 0.2 1 0.8 1 0.666667 0.5 0 0 0 0 0 0 0 0 0 1 0 0 1 1 0 0 0.75 > * X]
 +       1      * <0.444444 0 1 0 0 0 0 0 0 0 0 0 0 1 1 0.5 0.333333 1 1 0 0 0 0 0 0 0 0 0 1 1 1 0 1 0 1 > * X]
 -       1      * <0.333333 1 0 0 0 0 0.4 0 0.25 0.5 0 0.75 0.8 1 1 0 0 0.75 0 0 0 0 0 0 0 0 1 0 0 0 1 1 0 0 0.75 > * X]
 +       0.285  * <0.222222 0 0 1 0 0 0.6 0 0.5 0.75 1 0.25 0.4 0 1 0.5 1 0.75 0 0 0 0 1 0 0 0 0 0 1 0 1 0 0 1 0.5 > * X]
 -       1      * <0.333333 0 1 0 0 0 0.2 0.5 0.5 0.25 0.75 0.5 0.4 0 0.4 0.5 0.333333 0.5 0 0 0 0 0 0 0 0 0 1 0 0.5 1 1 0 0 0.75 > * X]
 +       0.777  * <0.444444 1 0 0 0 0 0.8 0.75 0 1 0.5 0.25 0.2 0 1 0.5 0.666667 0.25 0 0 0 0 1 0 0 0 0 0 0 1 1 0 0 1 0.75 > * X]
 +       0.7357 * <0.222222 1 0 0 0 0 0.8 0.25 0.5 1 0 0.75 0.4 1 1 1 0 0.5 0 0 0 0 0 0 0 0 1 0 0 0.5 1 0 1 0 0.25 > * X]
 +       1      * <0.222222 0 1 0 0 0 0.2 1 0.5 0.75 0.25 0 0.2 0 0.4 0 1 0.75 0 0 0 0 0 0 0 0 1 0 0 1 1 1 0 0 1 > * X]
 +       1      * <0.222222 1 0 0 0 0 0.8 0.5 1 0.25 0.5 0.75 0.2 1 1 1 0.666667 0.25 0 0 0 0 0 0 0 0 1 0 1 0.5 1 0 0 1 0.25 > * X]
 -       1      * <0.333333 0 0 1 0 0 0.8 1 0 0.5 0.75 0.25 0.4 1 1 0.5 0.666667 0.5 0 0 0 0 1 0 0 0 0 0 1 0 1 0 0 1 0.5 > * X]
 +       1      * <0.333333 1 0 0 0 0 0.4 0.25 0 0.5 0.75 0.5 0.4 0 0.4 0 0.333333 0.75 1 0 0 0 0 0 0 0 0 0 0 0 1 0 0 1 1 > * X]
 +       0.907  * <0.333333 0 1 0 0 0 0 0 0 1 1 0.25 0.2 1 1 0.5 0.666667 0.75 0 0 0 0 0 0 0 0 0 1 0 0 1 0 0 1 0.75 > * X]
 -       1      * <0.666667 0 1 0 0 0 0.6 0.25 0.75 0.5 0.5 1 0.6 1 1 1 0.666667 0.5 0 0 0 0 0 0 1 0 0 0 0 0.5 0.333333 1 0 0 0.75 > * X]
 -       1      * <0 1 0 0 0 0 0 0.75 0.75 0 0 0 0.2 1 1 0.5 0 1 0 0 0 0 0 0 1 0 0 0 0 0.5 1 0 0 1 0.75 > * X]
 -       1      * <0.111111 1 0 0 0 0 0 0 0 0.25 0 0 0 0 0 0 0 0.75 0 0 0 0 1 0 0 0 0 0 0 1 1 1 0 0 1 > * X]
 -       1      * <0.333333 1 0 0 0 0 0.8 1 0.25 0.5 0 0.75 0.2 0 1 1 0 1 0 0 0 0 0 0 0 0 1 0 1 0 1 0 0 1 1 > * X]
 +       0.7487 * <0.111111 0 0 1 0 0 0.6 1 0.5 0.75 0 0.25 0 1 0.8 1 1 0.75 0 0 0 0 1 0 0 0 0 0 0 0 0.333333 0 1 0 0.5 > * X]
 -       1      * <0.444444 0 1 0 0 0 0.6 1 1 0.25 0.5 1 0.4 0 1 0.5 0.333333 0 0 0 0 0 0 0 0 0 0 1 0 0 1 1 0 0 0.75 > * X]
 +       0.597  * <0.111111 1 0 0 0 0 0.6 0 0.25 0.75 0.5 1 0.2 0 1 0.5 0 0.5 0 0 0 0 0 0 0 1 0 0 0 1 0.666667 0 1 0 0.5 > * X]
 +       1      * <0 1 0 0 0 0 1 0.25 1 0.5 0.5 0 0.4 1 1 1 0.333333 1 0 0 0 0 0 0 0 0 0 1 0 1 1 0 0 1 0.5 > * X]
 +       0.2522 * <0.222222 0 0 0 1 0 1 0.25 0.75 0.5 0.25 0.25 0.4 1 1 1 1 0.5 1 0 0 0 0 0 0 0 0 0 1 0 1 0 0 1 0.75 > * X]
 -       1      * <0.333333 0 1 0 0 0 0.8 0.5 0.5 0.75 1 0.75 0.2 1 1 1 0 0.5 0 0 0 1 0 0 0 0 0 0 0 0.5 1 0 1 0 0.75 > * X]
 +       1      * <0.333333 0 1 0 0 0 0.6 0 0.75 1 0.5 0.25 0.2 0 1 0 0.666667 0.75 0 0 0 0 0 0 0 0 1 0 1 0.5 1 1 0 0 0.75 > * X]
 +       0.3214 * <0.444444 0 1 0 0 0 1 0.75 0 0.5 1 0.25 0.4 1 1 1 1 0.75 0 0 0 0 0 0 0 0 0 1 0 0.5 1 0 0 1 0.75 > * X]
 +       1      * <0.222222 1 0 0 0 0 0.4 0.75 0.75 0.5 0.5 0.75 0.4 0 0.6 0.5 0.333333 0.25 1 0 0 0 0 0 0 0 0 0 0 1 0.666667 1 0 0 0.75 > * X]
 +       1      * <0.222222 0 1 0 0 0 0.8 0.25 0 0.5 0 0.75 0.2 1 1 0.5 0 0.5 0 0 0 0 0 0 1 0 0 0 1 1 0.666667 1 0 0 0.75 > * X]
 +       1      * <0.111111 0 1 0 0 0 0 0 0 0 0 0 0.6 0 0.6 0 0 0.5 0 0 1 0 0 0 0 0 0 0 1 1 1 0 0 1 1 > * X]
 +       1      * <0.444444 0 1 0 0 0 0.8 0.75 1 0 0.25 0.5 0.6 1 1 0.5 0 0.25 0 0 0 0 0 1 0 0 0 0 0 0 0 0 1 0 0.25 > * X]
 -       1      * <0.111111 0 0 0 0 1 0.8 0.25 1 0.75 0.5 0 0.2 1 1 0.5 0.333333 0.5 1 0 0 0 0 0 0 0 0 0 0 0.5 1 0 1 0 0.5 > * X]
 -       1      * <1 1 0 0 0 0 0.4 0 0 0.25 0.25 0.25 0.2 0 0.4 0 0 0.5 1 0 0 0 0 0 0 0 0 0 1 0.5 0.666667 0 1 0 0.5 > * X]
 +       0.7603 * <0.444444 0 1 0 0 0 0.8 1 0.5 0.75 0 0 0.4 0 1 1 0.333333 1 0 0 0 0 0 1 0 0 0 0 0 0 1 0 1 0 1 > * X]
 -       1      * <0 1 0 0 0 0 0.2 0 0.25 0 0 0 0.4 0 0.4 0.5 0 1 1 0 0 0 0 0 0 0 0 0 1 1 1 1 0 0 1 > * X]
 +       1      * <0.444444 0 0 0 1 0 0.4 0 0 0.75 0.75 1 0.2 0 1 1 0 0.5 0 0 0 0 0 0 0 0 1 0 0 1 1 1 0 0 1 > * X]
 -       1      * <0.222222 1 0 0 0 0 0 0 0 0 0 0 0.6 1 1 1 1 1 1 0 0 0 0 0 0 0 0 0 1 1 0.666667 1 0 0 0.5 > * X]
 -       1      * <0 1 0 0 0 0 0.2 0.5 0.25 0.25 0 0 0.2 0 0.8 0.5 0.666667 0.5 0 0 0 0 0 0 0 0 1 0 0 1 1 1 0 0 0.75 > * X]
 -       1      * <0.555556 0 1 0 0 0 0.8 1 0.25 0.75 0.5 0 0.4 0 1 1 0.333333 0.75 0 0 0 0 0 0 1 0 0 0 0 0.5 1 0 0 1 0.25 > * X]
 -       1      * <0.333333 0 1 0 0 0 0.8 0.5 1 0.25 0.75 0 0.6 1 1 0.5 0.333333 1 0 1 0 0 0 0 0 0 0 0 0 0 1 0 0 1 0.75 > * X]
 -       1      * <0 1 0 0 0 0 0.2 0.25 0.25 0.5 1 0.5 0.2 1 1 1 0.333333 0.5 0 0 0 0 0 1 0 0 0 0 1 0.5 1 1 0 0 1 > * X]
 +       0.2046 * <0.444444 0 1 0 0 0 0.6 1 0 0.5 0.5 0.75 0.4 1 1 0 0.666667 0.5 0 0 0 0 1 0 0 0 0 0 0 0 1 0 1 0 0.5 > * X]
 +       0.007  * <0.777778 0 1 0 0 0 0.4 0 0 0 0.5 1 0 0 1 0.5 0.333333 0.75 0 0 0 0 0 0 0 0 1 0 0 0 1 0 1 0 1 > * X]
 +       0.9455

Number of support vectors: 42

Number of kernel evaluations: 1255 (83.116% cached)

Calibration model fit to the output:
Logistic Regression with ridge parameter of 1.0E-8
Coefficients...
                         Class
Variable     Very Dissatisfied
==============================
pred                  -21.7689
Intercept              19.7175


Odds Ratios...
                         Class
Variable     Very Dissatisfied
==============================
pred                         0


Classifier for classes: Very Dissatisfied, Neutral

BinarySMO

 -       1      * <1 1 0 0 0 0 0.4 0 0 0.25 0.25 0.25 0.2 0 0.4 0 0 0.5 1 0 0 0 0 0 0 0 0 0 1 0.5 0.666667 0 1 0 0.5 > * X]
 -       1      * <0.111111 0 0 0 0 1 0.8 0.25 1 0.75 0.5 0 0.2 1 1 0.5 0.333333 0.5 1 0 0 0 0 0 0 0 0 0 0 0.5 1 0 1 0 0.5 > * X]
 +       0.1501 * <0.333333 0 1 0 0 0 0.6 0.25 0.75 0.25 0 0 0.2 0 1 1 0.333333 0.5 0 0 0 0 0 1 0 0 0 0 0 0 0.333333 0 1 0 1 > * X]
 -       1      * <0.333333 0 1 0 0 0 0.8 0.5 1 0.25 0.75 0 0.6 1 1 0.5 0.333333 1 0 1 0 0 0 0 0 0 0 0 0 0 1 0 0 1 0.75 > * X]
 +       1      * <0.111111 1 0 0 0 0 0.6 0.75 0.5 0.75 0.75 0.75 0.2 0 0.6 1 0.333333 0.5 1 0 0 0 0 0 0 0 0 0 0 1 1 0 0 1 0.75 > * X]
 +       0.2436 * <0.222222 0 1 0 0 0 0.4 1 0 0.75 0.5 0.25 0.8 1 1 0.5 0.333333 0.75 0 0 0 0 0 0 1 0 0 0 0 1 1 0 1 0 0.5 > * X]
 -       1      * <0.222222 1 0 0 0 0 0 0 0 0 0 0 0.6 1 1 1 1 1 1 0 0 0 0 0 0 0 0 0 1 1 0.666667 1 0 0 0.5 > * X]
 +       0.446  * <0.555556 0 1 0 0 0 1 0.25 0.75 0.75 0.25 0.5 0.2 1 1 0 0.666667 0.5 0 0 0 0 0 1 0 0 0 0 1 0 1 0 0 1 1 > * X]
 +       1      * <0 1 0 0 0 0 0.6 0 0 0 0.25 0.25 0.8 0 0.8 1 0.333333 0.5 0 0 0 0 0 0 0 0 1 0 0 0.5 0.666667 0 0 1 0.75 > * X]
 -       1      * <0.333333 0 1 0 0 0 0.8 0.25 0.25 0.5 1 0.25 0.2 1 0.8 1 0.666667 0.5 0 0 0 0 0 0 0 0 0 1 0 0 1 1 0 0 0.75 > * X]
 +       1      * <0.111111 0 0 1 0 0 0.2 1 0.75 0.25 0.25 0.5 0.4 1 1 0.5 0 0.5 0 0 0 0 0 0 0 0 0 1 0 0 1 1 0 0 0.75 > * X]
 +       0.6889 * <0.111111 1 0 0 0 0 0 0.75 0.5 0 0.5 0.75 0.2 0 1 1 0.333333 0.75 0 0 0 0 0 0 0 0 1 0 0 0 1 0 0 1 0.75 > * X]
 -       1      * <0 1 0 0 0 0 0.2 0 0.25 0 0 0 0.4 0 0.4 0.5 0 1 1 0 0 0 0 0 0 0 0 0 1 1 1 1 0 0 1 > * X]
 +       0.3018 * <0.444444 0 1 0 0 0 0.4 0 1 0.5 0 0.25 0.2 1 1 1 1 0.5 0 0 1 0 0 0 0 0 0 0 0 0 0 1 0 0 0 > * X]
 +       1      * <0.555556 0 1 0 0 0 0 0 0 0.5 0.75 0.75 0.2 1 1 1 0.333333 0.5 0 0 0 0 0 0 1 0 0 0 1 1 1 0 0 1 0.75 > * X]
 +       0.0125 * <0.777778 0 1 0 0 0 0.6 0.75 0.5 0.25 0 0 0.6 0 0.8 0.5 0 0.5 0 0 0 0 0 0 0 0 0 1 0 0.5 1 0 1 0 0.25 > * X]
 +       1      * <0.555556 0 0 1 0 0 0.6 0 0.25 0.5 0 0.75 0.2 1 1 0.5 0.333333 0.25 0 0 0 0 1 0 0 0 0 0 0 0 0.666667 1 0 0 0.5 > * X]
 -       1      * <0.333333 0 1 0 0 0 0.8 0.5 0.5 0.75 1 0.75 0.2 1 1 1 0 0.5 0 0 0 1 0 0 0 0 0 0 0 0.5 1 0 1 0 0.75 > * X]
 +       0.6883 * <0.666667 1 0 0 0 0 0.6 0.75 0 0.5 1 0 0.8 0 0.8 1 0.333333 0.75 0 0 0 0 0 0 0 0 1 0 0 0 1 0 1 0 0.5 > * X]
 -       1      * <0.333333 0 0 1 0 0 0.8 1 0 0.5 0.75 0.25 0.4 1 1 0.5 0.666667 0.5 0 0 0 0 1 0 0 0 0 0 1 0 1 0 0 1 0.5 > * X]
 +       0.8887 * <0 0 1 0 0 0 0.6 0.25 0.5 0.75 0.75 0.25 0.6 1 1 1 0.333333 0.5 0 0 0 0 0 0 0 0 1 0 1 1 1 1 0 0 0.5 > * X]
 -       1      * <0 1 0 0 0 0 0.2 0.5 0.25 0.25 0 0 0.2 0 0.8 0.5 0.666667 0.5 0 0 0 0 0 0 0 0 1 0 0 1 1 1 0 0 0.75 > * X]
 +       0.3436 * <0.777778 1 0 0 0 0 0.8 0.25 0 0.5 0.75 1 0.2 1 1 1 0.333333 0.5 0 1 0 0 0 0 0 0 0 0 1 1 1 0 1 0 0.5 > * X]
 +       0.3043 * <0 0 1 0 0 0 0.8 0.75 0.5 0.25 0.25 0.25 1 1 0.8 0.5 0 0 1 0 0 0 0 0 0 0 0 0 0 0.5 1 0 0 1 0.75 > * X]
 +       0.5137 * <0.111111 0 1 0 0 0 0.6 0.5 0 1 0.75 0.5 0.2 1 1 0.5 0.333333 0.75 1 0 0 0 0 0 0 0 0 0 1 0 1 0 1 0 0.75 > * X]
 +       1      * <0.222222 0 0 0 1 0 0.4 0 0 0.5 0.25 1 0.2 0 1 1 0.666667 0.75 1 0 0 0 0 0 0 0 0 0 0 0 1 1 0 0 0.75 > * X]
 -       1      * <0 1 0 0 0 0 0 0.75 0.75 0 0 0 0.2 1 1 0.5 0 1 0 0 0 0 0 0 1 0 0 0 0 0.5 1 0 0 1 0.75 > * X]
 -       1      * <0.111111 1 0 0 0 0 0 0 0 0.25 0 0 0 0 0 0 0 0.75 0 0 0 0 1 0 0 0 0 0 0 1 1 1 0 0 1 > * X]
 -       1      * <0.444444 0 1 0 0 0 0.6 1 1 0.25 0.5 1 0.4 0 1 0.5 0.333333 0 0 0 0 0 0 0 0 0 0 1 0 0 1 1 0 0 0.75 > * X]
 -       1      * <0.333333 1 0 0 0 0 0.8 1 0.25 0.5 0 0.75 0.2 0 1 1 0 1 0 0 0 0 0 0 0 0 1 0 1 0 1 0 0 1 1 > * X]
 +       0.8648 * <0.777778 0 1 0 0 0 0.6 1 0.75 0 0.25 0.5 0.2 1 0.6 1 0 0.5 0 0 0 0 0 0 1 0 0 0 0 0 0.333333 1 0 0 0 > * X]
 +       0.0081 * <0.777778 1 0 0 0 0 0.8 0.25 0 0.5 0.75 1 0.2 1 1 1 0.333333 0.5 0 1 0 0 0 0 0 0 0 0 1 1 1 0 1 0 0.5 > * X]
 -       1      * <0.666667 0 1 0 0 0 0.6 0.25 0.75 0.5 0.5 1 0.6 1 1 1 0.666667 0.5 0 0 0 0 0 0 1 0 0 0 0 0.5 0.333333 1 0 0 0.75 > * X]
 +       0.1768 * <0.222222 1 0 0 0 0 0.8 0.5 0 1 0.5 0.75 0.4 1 0.6 1 0 0.5 0 0 0 0 0 0 0 0 1 0 1 0 0.666667 1 0 0 0.25 > * X]
 +       0.0209 * <0.222222 0 1 0 0 0 0.8 0.5 0.25 0 1 0.75 0.4 1 1 0.5 0 0.5 0 0 0 0 0 0 1 0 0 0 0 0 1 0 1 0 0.75 > * X]
 +       0.3519 * <0.444444 0 1 0 0 0 0.6 0.25 1 0.75 0.25 0.5 0 0 0.6 0.5 0.333333 0.5 0 0 0 1 0 0 0 0 0 0 0 1 1 0 1 0 0.75 > * X]
 +       0.312  * <0.111111 0 0 0 1 0 0.4 0 0 1 0 0 0.2 0 0.4 0 0.333333 0.5 0 1 0 0 0 0 0 0 0 0 1 0 1 0 1 0 1 > * X]
 +       0.0626 * <0 1 0 0 0 0 0.8 0.5 0.75 0 0.25 0.75 0.2 0 1 0.5 0.333333 0.25 0 0 1 0 0 0 0 0 0 0 0 1 1 0 0 1 0.25 > * X]
 +       0.2974 * <0.444444 0 0 0 1 0 1 0.25 0.75 0.5 0 0 0.2 1 1 1 0.666667 1 1 0 0 0 0 0 0 0 0 0 1 0 0.666667 0 0 1 0.75 > * X]
 +       0.042  * <0.777778 0 1 0 0 0 0.6 0.25 0.5 1 0 0 0.2 1 1 0.5 0.333333 0 0 0 0 0 0 0 0 0 1 0 0 0 0.666667 1 0 0 0.25 > * X]
 +       0.0185 * <0.777778 0 1 0 0 0 0.6 0.25 0.75 0.5 0.5 0 0.4 1 1 0.5 0 0.25 0 0 0 0 0 0 0 0 0 1 0 0 0.333333 0 1 0 0.25 > * X]
 +       1      * <0.222222 0 1 0 0 0 0.8 1 0.75 0 0.5 0.25 0.2 0 0.8 0.5 0.333333 0.5 0 1 0 0 0 0 0 0 0 0 1 0 1 1 0 0 1 > * X]
 +       1      * <0.111111 1 0 0 0 0 0.8 1 0 0.25 0.75 0.5 0.2 0 0.6 0.5 0 0.25 0 0 0 0 0 0 0 0 0 1 0 1 0.666667 1 0 0 1 > * X]
 -       1      * <0.555556 0 1 0 0 0 0.8 1 0.25 0.75 0.5 0 0.4 0 1 1 0.333333 0.75 0 0 0 0 0 0 1 0 0 0 0 0.5 1 0 0 1 0.25 > * X]
 +       0.2358 * <0.111111 0 0 1 0 0 0.4 0.75 1 0.5 0 0 0 1 1 0 0 0.25 0 0 0 0 0 1 0 0 0 0 0 0 0.666667 0 0 1 0.75 > * X]
 -       1      * <0 1 0 0 0 0 0.2 0.25 0.25 0.5 1 0.5 0.2 1 1 1 0.333333 0.5 0 0 0 0 0 1 0 0 0 0 1 0.5 1 1 0 0 1 > * X]
 +       0.0831 * <0 0 1 0 0 0 0.8 0.75 0.5 0.25 0.25 0.25 1 1 0.8 0.5 0 0 1 0 0 0 0 0 0 0 0 0 0 0.5 1 0 0 1 0.75 > * X]
 +       1      * <0.444444 1 0 0 0 0 0.8 1 0 0.5 0.75 0.25 0.4 1 1 0.5 0.666667 1 0 0 0 0 0 0 0 0 0 1 0 1 1 0 0 1 0.5 > * X]
 +       0.7842 * <0.111111 0 1 0 0 0 0.8 1 0.5 0 0.75 0.25 0.4 0 0.8 0.5 1 1 0 0 0 1 0 0 0 0 0 0 1 1 0.666667 1 0 0 0.75 > * X]
 +       0.3672 * <0.777778 0 1 0 0 0 0.6 0 0.75 1 0.5 0.5 0.4 1 0.8 0 0.333333 0.75 0 0 0 1 0 0 0 0 0 0 0 0 0 1 0 0 0 > * X]
 +       0.0101 * <0.111111 0 1 0 0 0 0.4 1 0.5 0.75 0 0.25 0 0 1 0 0.333333 0.5 0 0 0 0 0 0 0 0 1 0 0 0 1 1 0 0 0.25 > * X]
 -       1      * <0.333333 1 0 0 0 0 0.4 0 0.25 0.5 0 0.75 0.8 1 1 0 0 0.75 0 0 0 0 0 0 0 0 1 0 0 0 1 1 0 0 0.75 > * X]
 -       1      * <0.333333 0 1 0 0 0 0.2 0.5 0.5 0.25 0.75 0.5 0.4 0 0.4 0.5 0.333333 0.5 0 0 0 0 0 0 0 0 0 1 0 0.5 1 1 0 0 0.75 > * X]
 +       0.685  * <0.222222 1 0 0 0 0 0.4 0.25 0.25 0.75 0.25 0.5 0.4 0 0.6 0 0.333333 0.25 0 0 0 0 0 0 0 0 1 0 0 0.5 0.666667 0 1 0 0.5 > * X]
 +       0.0979 * <0.222222 0 1 0 0 0 0.2 0.75 0.75 0.5 0.75 0 0.4 1 1 0 0.333333 0.5 0 0 0 0 0 0 0 0 1 0 0 1 1 0 1 0 0.5 > * X]
 +       0.9912

Number of support vectors: 55

Number of kernel evaluations: 7294 (80.19% cached)

Calibration model fit to the output:
Logistic Regression with ridge parameter of 1.0E-8
Coefficients...
                         Class
Variable     Very Dissatisfied
==============================
pred                  -45.0344
Intercept              43.5703


Odds Ratios...
                         Class
Variable     Very Dissatisfied
==============================
pred                         0


Classifier for classes: Very Dissatisfied, Satisfied

BinarySMO

      0.994  * <0.444444 1 0 0 0 0 0.8 0 0.5 1 0.5 0.25 1 1 1 1 0.333333 0.75 0 0 0 0 0 1 0 0 0 0 0 0 1 1 0 0 0.5 > * X]
 +       0.7128 * <0.333333 0 1 0 0 0 0.6 0.5 1 0 0.75 1 0.4 1 1 0.5 0 0.5 0 0 0 1 0 0 0 0 0 0 0 0.5 1 1 0 0 1 > * X]
 -       1      * <0.333333 0 1 0 0 0 0.8 0.5 0.5 0.75 1 0.75 0.2 1 1 1 0 0.5 0 0 0 1 0 0 0 0 0 0 0 0.5 1 0 1 0 0.75 > * X]
 +       1      * <0.555556 0 1 0 0 0 0.2 0 0.25 0 0.5 0.25 0.4 0 0.4 0 0 0 0 0 0 0 0 0 0 0 1 0 0 0.5 1 1 0 0 1 > * X]
 +       0.2849 * <0.555556 0 0 1 0 0 0.6 0.25 0.75 1 1 0.75 0.4 1 1 0.5 0.666667 0.5 1 0 0 0 0 0 0 0 0 0 1 0 1 1 0 0 1 > * X]
 +       1      * <0.333333 0 0 1 0 0 0.4 0.75 0.5 0.75 0.75 0.75 0.2 1 0.4 0.5 0.333333 0.5 0 0 0 0 1 0 0 0 0 0 1 0 0.666667 1 0 0 0.75 > * X]
 +       0.7986 * <0.444444 0 1 0 0 0 0.4 0 0.5 0.25 0 0 0.2 1 1 1 0.333333 0.5 0 0 0 0 0 0 0 0 0 1 0 1 1 0 0 1 1 > * X]
 +       0.7096 * <0.555556 1 0 0 0 0 0.8 0 0.25 1 0 0 0.4 1 0.4 0.5 0.333333 0.75 0 0 0 0 0 1 0 0 0 0 0 0 1 0 1 0 0.5 > * X]
 -       1      * <0.222222 1 0 0 0 0 0 0 0 0 0 0 0.6 1 1 1 1 1 1 0 0 0 0 0 0 0 0 0 1 1 0.666667 1 0 0 0.5 > * X]
 +       0.0826 * <0.333333 0 0 0 1 0 0.6 0.25 0.75 0.5 1 0 0.4 1 0.8 0 0 0.25 1 0 0 0 0 0 0 0 0 0 1 0 1 0 1 0 1 > * X]
 +       0.4377 * <0.333333 1 0 0 0 0 0.8 0 0 0.5 0.25 1 0.2 0 1 1 0 0.75 0 1 0 0 0 0 0 0 0 0 0 0.5 1 0 0 1 0.75 > * X]
 +       0.1265 * <0.111111 0 0 0 1 0 0.8 0.5 0.25 0.75 0.5 0 0.6 1 1 0.5 0.666667 0.5 1 0 0 0 0 0 0 0 0 0 1 0.5 1 0 1 0 0.5 > * X]
 -       1      * <0.111111 0 0 0 0 1 0.8 0.25 1 0.75 0.5 0 0.2 1 1 0.5 0.333333 0.5 1 0 0 0 0 0 0 0 0 0 0 0.5 1 0 1 0 0.5 > * X]
 +       0.2679 * <0.555556 0 1 0 0 0 0.2 0.25 0.25 0.25 0 0 0.6 1 1 0 0 0.75 0 0 0 0 0 0 0 0 1 0 0 0.5 1 0 1 0 0.75 > * X]
 -       1      * <0.666667 0 1 0 0 0 0.6 0.25 0.75 0.5 0.5 1 0.6 1 1 1 0.666667 0.5 0 0 0 0 0 0 1 0 0 0 0 0.5 0.333333 1 0 0 0.75 > * X]
 +       0.4367 * <0.111111 0 0 0 1 0 0.8 1 0.5 0 0.75 0.25 0.6 0 1 1 0.666667 0.5 1 0 0 0 0 0 0 0 0 0 1 0 1 0 0 1 0.75 > * X]
 -       1      * <0 1 0 0 0 0 0 0.75 0.75 0 0 0 0.2 1 1 0.5 0 1 0 0 0 0 0 0 1 0 0 0 0 0.5 1 0 0 1 0.75 > * X]
 -       1      * <0.333333 1 0 0 0 0 0.4 0 0.25 0.5 0 0.75 0.8 1 1 0 0 0.75 0 0 0 0 0 0 0 0 1 0 0 0 1 1 0 0 0.75 > * X]
 +       1      * <0.333333 1 0 0 0 0 0 0.25 0.25 0.5 0 0.25 0.2 0 1 1 0.666667 0.75 0 0 0 0 0 0 0 0 1 0 0 1 1 0 0 1 1 > * X]
 +       0.1935 * <0.111111 0 1 0 0 0 1 1 0.75 0.5 0.25 0 0.6 0 1 0.5 0 0.5 0 0 0 0 0 0 0 0 1 0 1 0 1 1 0 0 0.75 > * X]
 +       0.8216 * <0.444444 0 1 0 0 0 0 0.75 0.75 0.5 0.25 0.5 1 0 1 1 0 0.5 0 0 0 0 0 0 1 0 0 0 1 0 1 0 1 0 1 > * X]
 -       1      * <0.333333 0 1 0 0 0 0.8 0.25 0.25 0.5 1 0.25 0.2 1 0.8 1 0.666667 0.5 0 0 0 0 0 0 0 0 0 1 0 0 1 1 0 0 0.75 > * X]
 -       1      * <0.555556 0 1 0 0 0 0.8 1 0.25 0.75 0.5 0 0.4 0 1 1 0.333333 0.75 0 0 0 0 0 0 1 0 0 0 0 0.5 1 0 0 1 0.25 > * X]
 +       0.5911 * <0 1 0 0 0 0 0.6 0.25 0.5 0.75 1 1 0.4 1 1 0.5 0.333333 0.5 0 1 0 0 0 0 0 0 0 0 1 0.5 1 0 0 1 0.75 > * X]
 -       1      * <0.333333 0 0 1 0 0 0.8 1 0 0.5 0.75 0.25 0.4 1 1 0.5 0.666667 0.5 0 0 0 0 1 0 0 0 0 0 1 0 1 0 0 1 0.5 > * X]
 +       0.07   * <0.222222 1 0 0 0 0 0.4 0.5 0.75 1 0.25 0 0.2 0 0.8 0.5 0 0.25 0 0 0 0 0 0 0 0 1 0 1 0 0.666667 0 0 1 0.75 > * X]
 +       0.5589 * <0 1 0 0 0 0 0.4 0 0.75 0.25 1 0.5 0.6 0 0.6 0 0 0.75 0 0 0 0 0 0 0 0 0 1 0 0.5 1 0 0 1 0.75 > * X]
 -       1      * <1 1 0 0 0 0 0.4 0 0 0.25 0.25 0.25 0.2 0 0.4 0 0 0.5 1 0 0 0 0 0 0 0 0 0 1 0.5 0.666667 0 1 0 0.5 > * X]
 +       1      * <0.222222 0 1 0 0 0 0.4 0.75 0 0.5 0.5 0.25 0.2 0 0.4 0.5 0 0.5 0 0 0 0 0 0 0 0 0 1 0 0.5 0.666667 1 0 0 0.5 > * X]
 -       1      * <0.333333 0 1 0 0 0 0.8 0.5 1 0.25 0.75 0 0.6 1 1 0.5 0.333333 1 0 1 0 0 0 0 0 0 0 0 0 0 1 0 0 1 0.75 > * X]
 +       0.1583 * <0.444444 0 1 0 0 0 0.8 0.5 0.75 0 1 0.25 0.4 1 1 1 0.333333 0.5 0 0 1 0 0 0 0 0 0 0 1 0.5 1 0 0 1 0.75 > * X]
 +       0.0627 * <0.222222 1 0 0 0 0 0.8 1 0.75 0 0.5 1 0.8 1 1 0 0.666667 0.75 0 0 0 0 0 0 0 0 0 1 0 1 1 0 0 1 0.75 > * X]
 +       1      * <0 1 0 0 0 0 0.4 1 0.5 0.75 0.5 0.25 0.4 1 1 0.5 0.666667 0.5 0 0 0 0 0 0 0 0 0 1 0 1 1 0 0 1 0.75 > * X]
 -       1      * <0.444444 0 1 0 0 0 0.6 1 1 0.25 0.5 1 0.4 0 1 0.5 0.333333 0 0 0 0 0 0 0 0 0 0 1 0 0 1 1 0 0 0.75 > * X]
 -       1      * <0.333333 0 1 0 0 0 0.2 0.5 0.5 0.25 0.75 0.5 0.4 0 0.4 0.5 0.333333 0.5 0 0 0 0 0 0 0 0 0 1 0 0.5 1 1 0 0 0.75 > * X]
 +       0.2054 * <0.333333 0 1 0 0 0 0.6 0.75 0.25 0 1 0.5 0.2 0 0.8 0 1 0.75 0 0 0 0 0 0 0 0 1 0 0 0 1 1 0 0 1 > * X]
 -       1      * <0.333333 1 0 0 0 0 0.8 1 0.25 0.5 0 0.75 0.2 0 1 1 0 1 0 0 0 0 0 0 0 0 1 0 1 0 1 0 0 1 1 > * X]
 +       0.2094 * <0.444444 0 0 1 0 0 0.6 0.75 0.5 1 0 0.25 0.2 1 1 1 1 0.75 0 0 0 0 1 0 0 0 0 0 1 0 0 1 0 0 0 > * X]
 +       1      * <0.333333 0 1 0 0 0 0.8 0.75 0.75 0.5 0.25 0.25 0.2 0 1 0.5 0.333333 0.5 1 0 0 0 0 0 0 0 0 0 0 0 1 1 0 0 0.75 > * X]
 +       0.04   * <0.111111 0 0 0 0 1 0 0 0 0.25 1 1 0.4 1 1 1 0.333333 0.75 0 0 0 0 0 0 0 0 1 0 0 1 1 0 0 1 1 > * X]
 -       1      * <0 1 0 0 0 0 0.2 0 0.25 0 0 0 0.4 0 0.4 0.5 0 1 1 0 0 0 0 0 0 0 0 0 1 1 1 1 0 0 1 > * X]
 -       1      * <0 1 0 0 0 0 0.2 0.25 0.25 0.5 1 0.5 0.2 1 1 1 0.333333 0.5 0 0 0 0 0 1 0 0 0 0 1 0.5 1 1 0 0 1 > * X]
 +       1      * <0.111111 0 1 0 0 0 0.4 0 0 0.5 0 0.25 0.2 0 1 1 0.666667 0.75 0 0 0 0 1 0 0 0 0 0 0 1 0.666667 1 0 0 0.5 > * X]
 +       0.3541 * <0 1 0 0 0 0 0.8 0 1 0.5 0.5 0.75 0.4 1 0.8 1 0.333333 1 0 0 0 0 0 0 0 0 1 0 1 0 1 0 0 1 0.75 > * X]
 +       1      * <0.555556 1 0 0 0 0 0.8 0.75 0.5 0 1 0.75 0.4 1 0.8 0.5 0.333333 0.5 1 0 0 0 0 0 0 0 0 0 0 0.5 0.333333 0 1 0 0.25 > * X]
 -       1      * <0 1 0 0 0 0 0.2 0.5 0.25 0.25 0 0 0.2 0 0.8 0.5 0.666667 0.5 0 0 0 0 0 0 0 0 1 0 0 1 1 1 0 0 0.75 > * X]
 -       1      * <0.111111 1 0 0 0 0 0 0 0 0.25 0 0 0 0 0 0 0 0.75 0 0 0 0 1 0 0 0 0 0 0 1 1 1 0 0 1 > * X]
 +       0.7181 * <0.222222 0 1 0 0 0 0.4 0.75 0.25 1 0.5 0 0.4 1 0.6 0.5 0.333333 1 0 0 0 0 0 0 1 0 0 0 0 0 0.666667 0 1 0 0.25 > * X]
 +       0.7972 * <0.111111 1 0 0 0 0 1 0.5 0.75 0.25 0.5 1 0.2 0 1 1 0.333333 0.5 0 0 0 0 0 0 0 0 1 0 0 1 1 1 0 0 0.75 > * X]
 +       0.3684 * <0.222222 0 0 0 1 0 0.6 0 0.75 0.5 0.25 1 0.6 1 0.8 0.5 0.666667 0.5 1 0 0 0 0 0 0 0 0 0 1 0 0.666667 1 0 0 0.5 > * X]
 +       0.9677

Number of support vectors: 50

Number of kernel evaluations: 12100 (75.606% cached)

Calibration model fit to the output:
Logistic Regression with ridge parameter of 1.0E-8
Coefficients...
                         Class
Variable     Very Dissatisfied
==============================
pred                   -61.869
Intercept              59.9261


Odds Ratios...
                         Class
Variable     Very Dissatisfied
==============================
pred                         0


Classifier for classes: Very Dissatisfied, Very Satisfied

BinarySMO

      0.4394 * <0.111111 0 0 1 0 0 0.6 0.75 0.75 0.75 0 0.5 0.2 0 1 0 0 0.75 0 0 0 0 0 0 0 0 1 0 0 1 1 0 0 1 0.75 > * X]
 -       1      * <0.222222 1 0 0 0 0 0 0 0 0 0 0 0.6 1 1 1 1 1 1 0 0 0 0 0 0 0 0 0 1 1 0.666667 1 0 0 0.5 > * X]
 +       0.7399 * <0.222222 0 1 0 0 0 0.8 0.5 0.75 1 0.25 0 0.4 1 1 1 1 1 0 0 0 0 0 0 0 0 1 0 0 0 1 1 0 0 1 > * X]
 +       1      * <0.666667 1 0 0 0 0 0.8 0.5 0.25 0.5 0 1 0.4 0 0.4 0.5 0 0.5 0 0 0 0 0 0 1 0 0 0 0 0.5 1 0 1 0 0.75 > * X]
 -       1      * <0.333333 1 0 0 0 0 0.8 1 0.25 0.5 0 0.75 0.2 0 1 1 0 1 0 0 0 0 0 0 0 0 1 0 1 0 1 0 0 1 1 > * X]
 +       0.0371 * <0.333333 0 1 0 0 0 0.6 0.75 0.25 1 0.5 0 0.6 1 1 0.5 0.333333 0.5 0 0 1 0 0 0 0 0 0 0 1 0 1 1 0 0 0.75 > * X]
 +       0.0261 * <0.555556 0 0 0 1 0 0.6 0.75 0.5 0 0.75 0 0.6 0 0.4 0.5 0 0.5 1 0 0 0 0 0 0 0 0 0 0 0 1 1 0 0 1 > * X]
 +       0.0018 * <0.777778 0 1 0 0 0 0 0 0 0 0.25 1 0.4 0 1 0.5 0 0.25 0 0 0 0 0 0 0 0 1 0 0 0 1 0 1 0 1 > * X]
 +       0.0163 * <0.333333 0 1 0 0 0 1 0.5 0.25 0.75 0 1 0.2 1 1 1 0.666667 0.75 0 0 0 0 0 0 0 0 1 0 1 0 0.333333 1 0 0 0.75 > * X]
 -       1      * <0 1 0 0 0 0 0.2 0.25 0.25 0.5 1 0.5 0.2 1 1 1 0.333333 0.5 0 0 0 0 0 1 0 0 0 0 1 0.5 1 1 0 0 1 > * X]
 -       1      * <0.333333 0 0 1 0 0 0.8 1 0 0.5 0.75 0.25 0.4 1 1 0.5 0.666667 0.5 0 0 0 0 1 0 0 0 0 0 1 0 1 0 0 1 0.5 > * X]
 +       0.0785 * <0.555556 0 1 0 0 0 0 0.25 0.25 0.5 0.25 0.75 0.4 0 1 0.5 0.333333 0.5 0 1 0 0 0 0 0 0 0 0 1 0 1 1 0 0 0.75 > * X]
 +       0.3026 * <0.111111 0 1 0 0 0 1 1 0.5 0.75 0.25 0 0.6 0 1 1 0 0.5 1 0 0 0 0 0 0 0 0 0 1 0 1 1 0 0 0.75 > * X]
 +       0.1446 * <0.555556 0 1 0 0 0 0.2 0 0.25 0.5 0.5 1 0.2 1 1 1 1 0.75 0 0 0 0 0 0 0 0 1 0 1 0.5 1 0 0 1 1 > * X]
 +       1      * <0.444444 1 0 0 0 0 0.8 1 0.5 0.25 0.5 0.25 1 0 1 1 1 0.25 0 0 0 0 0 1 0 0 0 0 0 0 1 0 1 0 0.5 > * X]
 +       0.0347 * <0.333333 0 0 1 0 0 0.6 0.25 0.75 0.75 0 0.5 0.6 1 1 1 1 1 0 0 0 0 0 0 0 0 1 0 0 0.5 1 0 0 1 1 > * X]
 +       0.444  * <0.111111 0 0 0 1 0 0.8 0 0.75 0.25 0.5 1 0.2 1 1 0.5 0.666667 0.5 1 0 0 0 0 0 0 0 0 0 1 0 0.666667 1 0 0 0.75 > * X]
 -       1      * <0.333333 0 1 0 0 0 0.8 0.5 1 0.25 0.75 0 0.6 1 1 0.5 0.333333 1 0 1 0 0 0 0 0 0 0 0 0 0 1 0 0 1 0.75 > * X]
 -       1      * <0 1 0 0 0 0 0 0.75 0.75 0 0 0 0.2 1 1 0.5 0 1 0 0 0 0 0 0 1 0 0 0 0 0.5 1 0 0 1 0.75 > * X]
 +       0.8472 * <0.222222 0 1 0 0 0 0.8 0.5 0.25 0.75 1 0 0.4 1 1 0.5 0.333333 0.5 0 0 0 0 0 0 0 0 0 1 0 0 1 0 0 1 0.75 > * X]
 +       0.1404 * <0.444444 0 1 0 0 0 0.8 0 1 0.5 0.75 0.25 0.4 0 1 0.5 0 0.75 0 0 0 0 0 0 1 0 0 0 0 0 1 0 1 0 0.5 > * X]
 +       0.1795 * <0.333333 0 1 0 0 0 1 1 0.75 0.5 0 0.25 0.6 1 1 1 1 0.75 0 0 0 0 0 0 0 0 1 0 1 1 1 1 0 0 0.5 > * X]
 -       1      * <1 1 0 0 0 0 0.4 0 0 0.25 0.25 0.25 0.2 0 0.4 0 0 0.5 1 0 0 0 0 0 0 0 0 0 1 0.5 0.666667 0 1 0 0.5 > * X]
 +       0.383  * <0.111111 0 1 0 0 0 0 0 0 0.5 0.5 0 0.6 1 1 0.5 0 0.5 1 0 0 0 0 0 0 0 0 0 0 0.5 1 0 0 1 0.75 > * X]
 +       0.1998 * <0.333333 0 0 0 1 0 0.6 0.5 0.25 1 0.75 0 0.4 1 1 0.5 0.333333 0.5 1 0 0 0 0 0 0 0 0 0 1 0 1 0 0 1 1 > * X]
 +       0.0168 * <0.444444 0 1 0 0 0 0.8 0.25 1 0.75 0.25 0.25 0.4 1 1 0.5 0.333333 0.75 1 0 0 0 0 0 0 0 0 0 0 0 1 0 0 1 0.75 > * X]
 +       0.2809 * <0.333333 0 0 1 0 0 0.6 0.5 1 0.25 0 0.75 0.6 1 1 0 0 0.75 0 0 0 0 0 1 0 0 0 0 1 0 1 0 1 0 1 > * X]
 -       1      * <0.111111 1 0 0 0 0 0 0 0 0.25 0 0 0 0 0 0 0 0.75 0 0 0 0 1 0 0 0 0 0 0 1 1 1 0 0 1 > * X]
 +       0.136  * <0.111111 0 1 0 0 0 1 1 0.5 0.75 0.25 0 0.2 0 1 0 0.333333 0.5 1 0 0 0 0 0 0 0 0 0 0 0 0.666667 1 0 0 1 > * X]
 +       1      * <0.111111 0 1 0 0 0 0.2 0.5 0 0 0.75 0 0.6 1 1 0.5 0 0.75 0 1 0 0 0 0 0 0 0 0 0 0.5 1 1 0 0 1 > * X]
 +       0.448  * <0.111111 0 1 0 0 0 1 0.75 1 0 0.75 0 0.6 0 1 0.5 0 1 0 0 0 0 1 0 0 0 0 0 1 0 1 0 1 0 1 > * X]
 -       1      * <0 1 0 0 0 0 0.2 0 0.25 0 0 0 0.4 0 0.4 0.5 0 1 1 0 0 0 0 0 0 0 0 0 1 1 1 1 0 0 1 > * X]
 -       1      * <0.444444 0 1 0 0 0 0.6 1 1 0.25 0.5 1 0.4 0 1 0.5 0.333333 0 0 0 0 0 0 0 0 0 0 1 0 0 1 1 0 0 0.75 > * X]
 +       0.0393 * <0.111111 0 1 0 0 0 0.4 1 1 0.25 0.5 0 0.4 0 1 0 0.333333 0.25 0 0 0 0 0 0 0 0 1 0 0 0 1 0 1 0 0.75 > * X]
 +       0.1295 * <0.222222 0 1 0 0 0 0.6 1 0.5 0 0.75 0.25 0.2 1 1 0 0.666667 0.75 0 0 0 0 0 0 0 0 1 0 0 0 1 0 0 1 0.75 > * X]
 -       1      * <0.333333 0 1 0 0 0 0.2 0.5 0.5 0.25 0.75 0.5 0.4 0 0.4 0.5 0.333333 0.5 0 0 0 0 0 0 0 0 0 1 0 0.5 1 1 0 0 0.75 > * X]
 +       0.0452 * <0.111111 0 1 0 0 0 1 1 0.75 0.25 0 0.5 0.2 1 0.8 0 0.333333 0.5 0 0 0 0 0 0 0 0 1 0 0 0 1 1 0 0 0.5 > * X]
 +       0.017  * <0.222222 0 1 0 0 0 0 0.75 0.75 0.5 0.25 0.5 0.2 0 1 1 1 1 0 0 0 0 0 0 0 0 1 0 0 0 1 0 1 0 1 > * X]
 +       1      * <0.333333 0 0 0 1 0 0 0.75 0.25 0.75 0.5 0 0.2 1 1 1 0.333333 0.5 1 0 0 0 0 0 0 0 0 0 0 1 1 1 0 0 0.5 > * X]
 -       1      * <0.111111 0 0 0 0 1 0.8 0.25 1 0.75 0.5 0 0.2 1 1 0.5 0.333333 0.5 1 0 0 0 0 0 0 0 0 0 0 0.5 1 0 1 0 0.5 > * X]
 +       0.1564 * <0.555556 0 0 1 0 0 0 0 0 0 0 0.5 0.2 0 0.8 0 0 0.5 0 0 0 0 1 0 0 0 0 0 0 0 0.666667 0 0 1 0.5 > * X]
 +       0.026  * <0.444444 0 0 1 0 0 0.6 0.25 1 0.75 0.5 0 0.2 1 0.8 0.5 1 0.75 0 0 0 0 0 0 0 0 1 0 1 0 0.666667 0 0 1 0 > * X]
 +       1      * <0.111111 0 1 0 0 0 0.6 1 0.75 0 0.25 1 0.4 1 0.2 0.5 0.333333 0.25 1 0 0 0 0 0 0 0 0 0 0 1 0.666667 1 0 0 0.5 > * X]
 +       0.1837 * <0.333333 0 1 0 0 0 0.6 0 1 0.75 0.5 0.25 0.4 1 1 0.5 0 0.75 1 0 0 0 0 0 0 0 0 0 0 0 0.666667 0 0 1 0.75 > * X]
 +       0.9914 * <0.777778 0 0 1 0 0 0 0 0 0.5 0.5 1 0.2 1 1 1 0.333333 0.75 0 0 0 0 1 0 0 0 0 0 1 0 0.666667 1 0 0 0.25 > * X]
 -       1      * <0.666667 0 1 0 0 0 0.6 0.25 0.75 0.5 0.5 1 0.6 1 1 1 0.666667 0.5 0 0 0 0 0 0 1 0 0 0 0 0.5 0.333333 1 0 0 0.75 > * X]
 -       1      * <0.333333 1 0 0 0 0 0.4 0 0.25 0.5 0 0.75 0.8 1 1 0 0 0.75 0 0 0 0 0 0 0 0 1 0 0 0 1 1 0 0 0.75 > * X]
 +       0.0339 * <0.444444 0 1 0 0 0 1 1 0.5 0.75 0 0.25 0.4 1 1 1 1 1 0 0 1 0 0 0 0 0 0 0 1 0 1 0 0 1 1 > * X]
 +       0.6885 * <0.333333 0 1 0 0 0 0.6 0.75 0.25 0 0 1 0.4 0 1 1 0.333333 1 0 0 0 0 1 0 0 0 0 0 1 0.5 0.666667 1 0 0 0.25 > * X]
 -       1      * <0.555556 0 1 0 0 0 0.8 1 0.25 0.75 0.5 0 0.4 0 1 1 0.333333 0.75 0 0 0 0 0 0 1 0 0 0 0 0.5 1 0 0 1 0.25 > * X]
 +       0.0593 * <0.333333 0 1 0 0 0 0.6 0.75 0.25 1 0 0.5 0 0 1 0 0 0.75 1 0 0 0 0 0 0 0 0 0 0 0 0.666667 0 0 1 0.75 > * X]
 +       0.4939 * <0.333333 0 1 0 0 0 0.6 0 0.25 0.75 1 0.5 0.2 1 1 1 0 0.5 0 0 0 0 0 0 1 0 0 0 1 1 1 1 0 0 0.25 > * X]
 +       0.0316 * <0.222222 0 1 0 0 0 0 0 0.75 1 0 0 0.6 1 0.4 0 0 0.5 1 0 0 0 0 0 0 0 0 0 0 0 1 1 0 0 0.75 > * X]
 +       0.0295 * <0.555556 0 1 0 0 0 0.6 0.25 0.5 1 0 1 0 0 1 0.5 0.333333 1 0 0 0 0 0 0 0 0 1 0 0 0 1 1 0 0 1 > * X]
 +       1      * <0.444444 1 0 0 0 0 1 0 0 0.25 0.5 0.25 0.4 0 0 0.5 0.333333 1 0 1 0 0 0 0 0 0 0 0 0 0 1 0 0 1 0.75 > * X]
 +       0.0089 * <0.666667 0 1 0 0 0 0 0 0 0.5 0.5 1 0.4 1 1 1 0.333333 0.75 0 0 0 0 0 0 0 0 1 0 0 1 1 1 0 0 1 > * X]
 +       0.0287 * <0.222222 0 1 0 0 0 0.8 0.75 1 0.75 0.25 0.5 0.2 0 1 1 0.333333 0.75 0 0 0 0 0 0 0 0 1 0 1 0.5 1 0 0 1 0.75 > * X]
 -       1      * <0.333333 0 1 0 0 0 0.8 0.25 0.25 0.5 1 0.25 0.2 1 0.8 1 0.666667 0.5 0 0 0 0 0 0 0 0 0 1 0 0 1 1 0 0 0.75 > * X]
 +       0.0086 * <0.222222 0 1 0 0 0 0.8 0.5 0.25 0.75 1 0 0.4 1 1 0.5 0.333333 0.5 0 0 0 0 0 0 0 0 0 1 0 0 1 0 0 1 0.75 > * X]
 +       0.1955 * <0.666667 0 1 0 0 0 0 0 0 0.75 1 1 0.2 0 1 1 0 0.25 0 0 0 0 0 0 1 0 0 0 0 0 1 0 1 0 1 > * X]
 +       0.0846 * <0.222222 0 1 0 0 0 1 0.25 0.75 0.5 1 0 0.6 0 1 1 0.666667 1 1 0 0 0 0 0 0 0 0 0 1 0 1 0 0 1 0.75 > * X]
 +       0.1556 * <0.555556 0 0 1 0 0 0 0 0.25 0.5 0.75 1 0.2 1 1 1 1 0.75 0 0 0 0 1 0 0 0 0 0 1 0 1 0 0 1 1 > * X]
 +       1      * <0.222222 1 0 0 0 0 0.4 0 1 0 1 0.25 0.6 0 1 1 0 0.75 0 0 0 0 0 0 0 0 0 1 0 1 1 0 0 1 0.5 > * X]
 +       0.0211 * <0.666667 0 1 0 0 0 0 0.75 0.75 0 1 0.25 0.6 0 0.2 1 0.333333 0 0 0 1 0 0 0 0 0 0 0 1 1 1 0 0 1 0.75 > * X]
 +       0.0279 * <0.666667 0 0 0 1 0 0.8 0 0.75 1 0 0.5 0 0 1 1 0.666667 1 1 0 0 0 0 0 0 0 0 0 1 0 0.666667 0 1 0 1 > * X]
 -       1      * <0 1 0 0 0 0 0.2 0.5 0.25 0.25 0 0 0.2 0 0.8 0.5 0.666667 0.5 0 0 0 0 0 0 0 0 1 0 0 1 1 1 0 0 0.75 > * X]
 +       0.0302 * <0.333333 0 1 0 0 0 0.6 0.5 0.5 0.25 0.25 0 0.4 0 1 1 0 0.5 0 0 0 0 0 1 0 0 0 0 0 0 1 0 1 0 1 > * X]
 +       0.0446 * <0.333333 0 0 1 0 0 0.8 0.25 1 0.5 0.5 0.75 0.2 0 0.8 0 0.666667 0.5 0 0 0 0 1 0 0 0 0 0 1 0 0.666667 1 0 0 0.75 > * X]
 +       0.145  * <0.444444 0 1 0 0 0 0.4 0 0 0.75 0.25 0.25 0.4 1 1 0.5 0.333333 0.75 0 0 0 0 0 0 0 0 0 1 0 0 1 0 0 1 1 > * X]
 +       0.1966 * <0.333333 0 1 0 0 0 0 0 0 0.5 1 0.25 0.4 0 1 0.5 0 0.5 0 0 0 0 0 0 0 0 0 1 0 0 1 1 0 0 0.75 > * X]
 +       0.2309 * <0.111111 0 1 0 0 0 0.4 0.75 0.25 1 0.5 0 0.2 0 1 1 0.333333 0.5 0 0 0 0 0 0 0 0 1 0 1 0 1 1 0 0 0.5 > * X]
 +       1      * <0.111111 1 0 0 0 0 0.2 0 0 0 0 0 0.2 0 0.4 0 1 0.5 0 0 0 0 0 0 0 0 1 0 0 0.5 1 1 0 0 0 > * X]
 -       1      * <0.333333 0 1 0 0 0 0.8 0.5 0.5 0.75 1 0.75 0.2 1 1 1 0 0.5 0 0 0 1 0 0 0 0 0 0 0 0.5 1 0 1 0 0.75 > * X]
 +       1      * <0.666667 1 0 0 0 0 0.8 1 0.25 1 0.25 0.25 0.6 1 0.8 0.5 0.333333 0 0 0 0 1 0 0 0 0 0 0 0 1 1 1 0 0 0.75 > * X]
 +       1.0411

Number of support vectors: 74

Number of kernel evaluations: 9480 (79.62% cached)

Calibration model fit to the output:
Logistic Regression with ridge parameter of 1.0E-8
Coefficients...
                         Class
Variable     Very Dissatisfied
==============================
pred                  -35.9923
Intercept               34.843


Odds Ratios...
                         Class
Variable     Very Dissatisfied
==============================
pred                         0


Classifier for classes: Dissatisfied, Neutral

BinarySMO

      1      * <0.222222 1 0 0 0 0 0.4 0.25 0.25 0.75 0.25 0.5 0.4 0 0.6 0 0.333333 0.25 0 0 0 0 0 0 0 0 1 0 0 0.5 0.666667 0 1 0 0.5 > * X]
 +       0.0809 * <0.222222 0 1 0 0 0 0.8 0.25 0.75 1 0.5 0 0.8 0 0.8 0.5 0.333333 0.75 0 0 0 0 0 0 0 0 1 0 1 0.5 1 0 0 1 0.75 > * X]
 +       1      * <0.777778 0 1 0 0 0 0.6 1 0.5 0 0 0.75 0.2 1 1 0.5 1 1 0 0 0 0 0 0 0 0 0 1 0 1 0.333333 0 0 1 0.25 > * X]
 -       1      * <0.333333 0 1 0 0 0 0.4 0.25 0.75 0.25 0.5 0.5 0.2 0 1 0.5 0.333333 0.75 0 0 0 0 0 0 0 0 1 0 0 1 1 0 0 1 1 > * X]
 +       0.6681 * <0.444444 0 1 0 0 0 0 0 0.25 0.75 0.75 1 0.2 1 1 1 0.333333 0.25 0 0 0 0 0 0 0 0 1 0 0 1 1 0 0 1 0.75 > * X]
 +       0.5024 * <0.222222 0 0 0 1 0 0.4 0 0 0.5 0.25 1 0.2 0 1 1 0.666667 0.75 1 0 0 0 0 0 0 0 0 0 0 0 1 1 0 0 0.75 > * X]
 +       0.0253 * <0.222222 0 1 0 0 0 0.8 0 0.5 1 0.75 0.25 1 0 1 0.5 0.666667 0.75 0 1 0 0 0 0 0 0 0 0 0 0.5 1 0 0 1 1 > * X]
 +       1      * <0.222222 0 1 0 0 0 1 0.75 0.75 0.75 0 0.25 0.2 0 1 1 0.666667 0.5 1 0 0 0 0 0 0 0 0 0 0 0.5 1 0 1 0 0.5 > * X]
 -       1      * <0.222222 1 0 0 0 0 0.8 0.25 0.5 1 0 0.75 0.4 1 1 1 0 0.5 0 0 0 0 0 0 0 0 1 0 0 0.5 1 0 1 0 0.25 > * X]
 -       1      * <0.222222 0 1 0 0 0 1 0.5 1 0.5 0 0.5 0.4 1 1 1 0.333333 0.75 1 0 0 0 0 0 0 0 0 0 0 0 0.666667 0 1 0 0.25 > * X]
 +       0.0345 * <0.111111 0 0 1 0 0 0.2 1 0.75 0.25 0.25 0.5 0.4 1 1 0.5 0 0.5 0 0 0 0 0 0 0 0 0 1 0 0 1 1 0 0 0.75 > * X]
 +       1      * <0.222222 0 1 0 0 0 0.6 0.25 1 0.5 0 0.75 0.4 1 1 1 0.666667 1 0 0 0 0 0 0 0 0 1 0 1 0.5 1 0 1 0 0.25 > * X]
 +       0.6316 * <0.111111 0 1 0 0 0 0.2 0 0 0.25 0.5 0.75 0.2 0 1 0.5 0 0 0 0 0 0 0 0 0 1 0 0 0 0.5 1 0 0 1 1 > * X]
 -       1      * <0.222222 1 0 0 0 0 0.4 0.75 0.75 0.5 0.5 0.75 0.4 0 0.6 0.5 0.333333 0.25 1 0 0 0 0 0 0 0 0 0 0 1 0.666667 1 0 0 0.75 > * X]
 +       0.3813 * <0.444444 0 1 0 0 0 0.6 0 0.5 0.75 0 0.25 0.2 1 0.8 1 0.333333 0.25 0 0 0 0 0 0 0 0 1 0 0 0.5 0.333333 1 0 0 0.25 > * X]
 +       0.0135 * <0.333333 0 0 1 0 0 0.6 1 0.25 0.75 0 0.5 0 1 1 0 0 0.25 0 0 0 0 1 0 0 0 0 0 0 0 0 1 0 0 0.25 > * X]
 +       0.0463 * <0.111111 0 0 0 1 0 0.8 0.5 0.25 0.5 0 0 0.2 0 1 0.5 0.333333 0.75 1 0 0 0 0 0 0 0 0 0 0 0 0.666667 0 1 0 0.25 > * X]
 +       0.0132 * <0.555556 0 0 1 0 0 0.6 0.75 0.5 1 0 0 0 0 0.6 1 0.666667 0.5 0 0 0 0 1 0 0 0 0 0 1 0 0.333333 0 1 0 0.25 > * X]
 +       1      * <0.111111 0 1 0 0 0 0.6 0.5 0 1 0.75 0.5 0.2 1 1 0.5 0.333333 0.75 1 0 0 0 0 0 0 0 0 0 1 0 1 0 1 0 0.75 > * X]
 +       1      * <0.333333 0 1 0 0 0 0.8 0 0.25 0.5 0.75 1 0.8 0 0.6 1 1 0.5 1 0 0 0 0 0 0 0 0 0 0 1 1 0 1 0 1 > * X]
 +       0.0493 * <0.111111 0 1 0 0 0 0.4 0 0.25 0.75 0.25 0.5 0.2 0 1 1 0.666667 0.75 0 0 0 0 0 0 0 0 1 0 0 0 0.666667 1 0 0 0.25 > * X]
 +       0.3063 * <0.777778 0 1 0 0 0 0 0 0.5 1 0.75 0.5 0 0 1 0.5 0 0.25 0 0 0 0 0 0 0 0 1 0 0 1 1 0 0 1 1 > * X]
 -       1      * <0.111111 0 0 1 0 0 0.6 1 0.5 0.75 0 0.25 0 1 0.8 1 1 0.75 0 0 0 0 1 0 0 0 0 0 0 0 0.333333 0 1 0 0.5 > * X]
 +       1      * <0 1 0 0 0 0 0.6 0 0 0 0.25 0.25 0.8 0 0.8 1 0.333333 0.5 0 0 0 0 0 0 0 0 1 0 0 0.5 0.666667 0 0 1 0.75 > * X]
 +       0.6672 * <0.444444 1 0 0 0 0 0.4 0.75 0 0.25 1 0.5 0.2 0 1 0.5 0.333333 0.5 0 0 0 0 0 0 0 0 1 0 0 1 1 0 0 1 0.75 > * X]
 +       0.6328 * <0.222222 0 1 0 0 0 1 0.25 0 1 0.75 0.5 0.2 1 1 1 0 0.5 0 0 0 0 0 0 1 0 0 0 1 1 1 0 1 0 0.5 > * X]
 -       1      * <0.222222 0 1 0 0 0 0.8 0.25 0 0.5 0 0.75 0.2 1 1 0.5 0 0.5 0 0 0 0 0 0 1 0 0 0 1 1 0.666667 1 0 0 0.75 > * X]
 +       1      * <0.333333 0 0 1 0 0 1 1 0.5 0.75 0.25 0 0.8 1 1 1 1 1 0 0 0 0 1 0 0 0 0 0 0 0 1 0 0 1 0.25 > * X]
 +       0.6589 * <0.777778 0 1 0 0 0 0.6 0.25 0.75 0.5 0.5 0 0.4 1 1 0.5 0 0.25 0 0 0 0 0 0 0 0 0 1 0 0 0.333333 0 1 0 0.25 > * X]
 -       1      * <0.111111 0 1 0 0 0 0 0 0 0 0 0 0.6 0 0.6 0 0 0.5 0 0 1 0 0 0 0 0 0 0 1 1 1 0 0 1 1 > * X]
 +       0.6846 * <0.111111 0 1 0 0 0 0.6 0.25 0.25 0.5 0.5 0 0.2 0 0.8 0.5 0.333333 0.75 0 0 1 0 0 0 0 0 0 0 0 0 0.333333 0 0 1 0.5 > * X]
 -       1      * <0.444444 0 1 0 0 0 0 0 0 0 0 0 0 1 1 0.5 0.333333 1 1 0 0 0 0 0 0 0 0 0 1 1 1 0 1 0 1 > * X]
 +       0.4761 * <0.222222 0 1 0 0 0 0.4 0.25 0 0.5 0.5 0.75 0.2 1 0.6 0 0.333333 0.5 0 0 1 0 0 0 0 0 0 0 0 0 0.666667 0 0 1 0.5 > * X]
 +       1      * <0.111111 1 0 0 0 0 0.8 1 0 0.25 0.75 0.5 0.2 0 0.6 0.5 0 0.25 0 0 0 0 0 0 0 0 0 1 0 1 0.666667 1 0 0 1 > * X]
 -       1      * <0.222222 0 0 0 1 0 1 0.25 0.75 0.5 0.25 0.25 0.4 1 1 1 1 0.5 1 0 0 0 0 0 0 0 0 0 1 0 1 0 0 1 0.75 > * X]
 +       1      * <0.222222 0 1 0 0 0 0.4 1 0 0.75 0.5 0.25 0.8 1 1 0.5 0.333333 0.75 0 0 0 0 0 0 1 0 0 0 0 1 1 0 1 0 0.5 > * X]
 +       0.0354 * <0.555556 0 0 1 0 0 0.8 0.25 0 0.75 0.5 0.5 0.4 0 0.4 1 1 1 0 0 0 0 0 0 0 0 1 0 0 0 0.666667 1 0 0 0.75 > * X]
 +       1      * <0.444444 1 0 0 0 0 0.8 1 0 0.5 0.75 0.25 0.4 1 1 0.5 0.666667 1 0 0 0 0 0 0 0 0 0 1 0 1 1 0 0 1 0.5 > * X]
 +       1      * <0.333333 0 1 0 0 0 0.6 0.25 0.75 0.25 0 0 0.2 0 1 1 0.333333 0.5 0 0 0 0 0 1 0 0 0 0 0 0 0.333333 0 1 0 1 > * X]
 -       1      * <0.222222 0 0 1 0 0 0.6 0 0.5 0.75 1 0.25 0.4 0 1 0.5 1 0.75 0 0 0 0 1 0 0 0 0 0 1 0 1 0 0 1 0.5 > * X]
 -       1      * <0.222222 0 1 0 0 0 0.2 1 0.5 0.75 0.25 0 0.2 0 0.4 0 1 0.75 0 0 0 0 0 0 0 0 1 0 0 1 1 1 0 0 1 > * X]
 -       1      * <0.444444 0 1 0 0 0 1 0 0.25 0.75 0.5 1 0.6 1 1 1 0.666667 1 0 0 0 0 0 0 0 0 1 0 0 0 1 0 1 0 1 > * X]
 -       1      * <0.111111 1 0 0 0 0 0.6 0 0.25 0.75 0.5 1 0.2 0 1 0.5 0 0.5 0 0 0 0 0 0 0 1 0 0 0 1 0.666667 0 1 0 0.5 > * X]
 -       1      * <0.444444 0 0 0 1 0 0.8 0.5 0.5 0.75 0 0 0 0 1 0.5 1 0.5 1 0 0 0 0 0 0 0 0 0 0 0 0.333333 0 1 0 0.25 > * X]
 +       0.8733 * <0.555556 0 0 0 1 0 0.8 0 0.75 0.75 0.5 0.5 0.2 0 1 1 0.666667 0.5 0 0 0 0 1 0 0 0 0 0 0 0.5 1 0 0 1 1 > * X]
 -       1      * <0.111111 0 1 0 0 0 1 1 0.25 0.75 0 0.5 0.2 1 1 0.5 0.333333 0.75 0 0 0 0 0 0 0 0 1 0 0 1 0.666667 0 0 1 0.75 > * X]
 +       0.3147 * <0.555556 0 0 1 0 0 0 0.25 0.75 0.5 0.25 0.5 0 1 1 0.5 0 0.5 0 0 0 0 0 0 0 0 1 0 1 0 1 0 0 1 1 > * X]
 -       1      * <0.777778 0 1 0 0 0 0.4 0 0 0 0.5 1 0 0 1 0.5 0.333333 0.75 0 0 0 0 0 0 0 0 1 0 0 0 1 0 1 0 1 > * X]
 -       1      * <0.333333 1 0 0 0 0 0.4 0.25 0 0.5 0.75 0.5 0.4 0 0.4 0 0.333333 0.75 1 0 0 0 0 0 0 0 0 0 0 0 1 0 0 1 1 > * X]
 +       1      * <0.555556 0 1 0 0 0 1 0.25 0.75 0.75 0.25 0.5 0.2 1 1 0 0.666667 0.5 0 0 0 0 0 1 0 0 0 0 1 0 1 0 0 1 1 > * X]
 +       1      * <0.444444 0 0 0 1 0 1 0.25 0.75 0.5 0 0 0.2 1 1 1 0.666667 1 1 0 0 0 0 0 0 0 0 0 1 0 0.666667 0 0 1 0.75 > * X]
 +       0.239  * <0.222222 0 1 0 0 0 0.8 0.5 0.75 0.25 0.75 1 0.4 1 0.6 1 1 0.5 0 0 0 0 0 0 0 0 1 0 0 1 1 0 0 1 1 > * X]
 -       1      * <0.666667 0 1 0 0 0 0.6 1 0 0.75 0.5 0.25 0.2 1 1 0.5 0.666667 0.75 1 0 0 0 0 0 0 0 0 0 0 1 1 0 0 1 0.75 > * X]
 +       0.1325 * <0.111111 0 0 1 0 0 0.4 0.75 1 0.5 0 0 0 1 1 0 0 0.25 0 0 0 0 0 1 0 0 0 0 0 0 0.666667 0 0 1 0.75 > * X]
 -       1      * <0.444444 0 1 0 0 0 1 0.75 0 0.5 1 0.25 0.4 1 1 1 1 0.75 0 0 0 0 0 0 0 0 0 1 0 0.5 1 0 0 1 0.75 > * X]
 +       1      * <0.555556 0 0 1 0 0 0.6 0 0.25 0.5 0 0.75 0.2 1 1 0.5 0.333333 0.25 0 0 0 0 1 0 0 0 0 0 0 0 0.666667 1 0 0 0.5 > * X]
 -       1      * <0.111111 0 1 0 0 0 0.8 0.75 1 0.25 0 0.75 0.2 0 0.2 0.5 0.333333 0.5 0 0 0 0 0 0 0 0 1 0 0 1 1 0 0 1 0.75 > * X]
 +       0.2585 * <0 0 1 0 0 0 0.6 0.25 0.5 0.75 0.75 0.25 0.6 1 1 1 0.333333 0.5 0 0 0 0 0 0 0 0 1 0 1 1 1 1 0 0 0.5 > * X]
 +       0.0176 * <0.222222 0 1 0 0 0 1 0.25 0 1 0.75 0.5 0.2 1 1 1 0 0.5 0 0 0 0 0 0 1 0 0 0 1 1 1 0 1 0 0.5 > * X]
 +       0.8711 * <0.111111 0 1 0 0 0 0.8 0.75 0 0.5 0.25 1 0.2 0 1 0.5 1 0.75 0 0 0 0 0 0 0 0 1 0 0 1 1 0 0 1 0.75 > * X]
 +       0.0685 * <0.222222 0 1 0 0 0 1 0 1 0.75 0.25 0.5 0.8 1 1 1 0.333333 0.75 0 0 0 0 0 0 0 0 1 0 0 1 1 0 0 1 0.25 > * X]
 +       0.8971 * <0.333333 0 0 0 1 0 0.8 0.75 0.25 0 0.5 1 0.2 1 1 0.5 0.333333 1 1 0 0 0 0 0 0 0 0 0 0 0.5 1 0 1 0 0.75 > * X]
 +       0.1639 * <0 0 0 0 1 0 0.4 0 0.25 0.5 0.75 1 0.2 0 1 0.5 0.333333 0.5 0 0 0 0 0 0 0 1 0 0 0 1 1 0 1 0 1 > * X]
 +       1      * <0.111111 1 0 0 0 0 0.6 0.75 0.5 0.75 0.75 0.75 0.2 0 0.6 1 0.333333 0.5 1 0 0 0 0 0 0 0 0 0 0 1 1 0 0 1 0.75 > * X]
 -       1      * <0 1 0 0 0 0 1 0.25 1 0.5 0.5 0 0.4 1 1 1 0.333333 1 0 0 0 0 0 0 0 0 0 1 0 1 1 0 0 1 0.5 > * X]
 +       0.0324 * <0 0 1 0 0 0 0.8 0.75 0.5 0.25 0.25 0.25 1 1 0.8 0.5 0 0 1 0 0 0 0 0 0 0 0 0 0 0.5 1 0 0 1 0.75 > * X]
 -       1      * <0.222222 1 0 0 0 0 0.8 0.5 1 0.25 0.5 0.75 0.2 1 1 1 0.666667 0.25 0 0 0 0 0 0 0 0 1 0 1 0.5 1 0 0 1 0.25 > * X]
 +       1      * <0.222222 0 1 0 0 0 0.2 0.75 0.75 0.5 0.75 0 0.4 1 1 0 0.333333 0.5 0 0 0 0 0 0 0 0 1 0 0 1 1 0 1 0 0.5 > * X]
 +       0.6534 * <0.111111 0 1 0 0 0 0.4 1 0.5 0.75 0 0.25 0 0 1 0 0.333333 0.5 0 0 0 0 0 0 0 0 1 0 0 0 1 1 0 0 0.25 > * X]
 +       0.681  * <0.444444 0 1 0 0 0 0.6 0.25 1 0.75 0.25 0.5 0 0 0.6 0.5 0.333333 0.5 0 0 0 1 0 0 0 0 0 0 0 1 1 0 1 0 0.75 > * X]
 +       0.0151 * <0 0 1 0 0 0 0.8 0.75 0.5 0.25 0.25 0.25 1 1 0.8 0.5 0 0 1 0 0 0 0 0 0 0 0 0 0 0.5 1 0 0 1 0.75 > * X]
 +       0.4819 * <0.111111 0 0 0 1 0 0.4 0 0 1 0 0 0.2 0 0.4 0 0.333333 0.5 0 1 0 0 0 0 0 0 0 0 1 0 1 0 1 0 1 > * X]
 -       1      * <0.444444 0 0 0 1 0 0.4 0 0 0.75 0.75 1 0.2 0 1 1 0 0.5 0 0 0 0 0 0 0 0 1 0 0 1 1 1 0 0 1 > * X]
 +       0.4546 * <0.666667 0 1 0 0 0 1 0.25 0.5 1 0 0.75 0.6 1 1 1 0.666667 0.75 0 0 0 0 0 0 1 0 0 0 1 0 1 0 0 1 1 > * X]
 +       1      * <0.444444 0 1 0 0 0 0.6 0.75 1 1 0.75 0.75 0.2 1 1 0 0.666667 0.5 0 0 0 0 0 0 0 0 1 0 0 1 1 0 1 0 0.75 > * X]
 +       1      * <0.222222 0 1 0 0 0 1 0.25 0 1 0.5 0.75 0.2 0 1 1 0.333333 0.75 0 0 0 0 0 0 0 0 1 0 1 0.5 1 1 0 0 1 > * X]
 -       1      * <0.444444 1 0 0 0 0 0.8 0.75 0 1 0.5 0.25 0.2 0 1 0.5 0.666667 0.25 0 0 0 0 1 0 0 0 0 0 0 1 1 0 0 1 0.75 > * X]
 +       0.0247 * <0.555556 0 1 0 0 0 0 0 0 0.5 0.75 0.75 0.2 1 1 1 0.333333 0.5 0 0 0 0 0 0 1 0 0 0 1 1 1 0 0 1 0.75 > * X]
 +       0.1938 * <0.666667 1 0 0 0 0 0.6 0.75 0 0.5 1 0 0.8 0 0.8 1 0.333333 0.75 0 0 0 0 0 0 0 0 1 0 0 0 1 0 1 0 0.5 > * X]
 -       1      * <0.333333 0 1 0 0 0 0.6 0 0.75 1 0.5 0.25 0.2 0 1 0 0.666667 0.75 0 0 0 0 0 0 0 0 1 0 1 0.5 1 1 0 0 0.75 > * X]
 +       0.1595 * <0.222222 0 0 0 1 0 0.6 1 1 0.25 0 0.5 0.2 0 0.8 1 0.333333 1 0 0 0 0 1 0 0 0 0 0 0 0.5 1 0 0 1 1 > * X]
 -       1      * <0.444444 0 1 0 0 0 0.6 1 0 0.5 0.5 0.75 0.4 1 1 0 0.666667 0.5 0 0 0 0 1 0 0 0 0 0 0 0 1 0 1 0 0.5 > * X]
 -       1      * <0.333333 0 1 0 0 0 0 0 0 1 1 0.25 0.2 1 1 0.5 0.666667 0.75 0 0 0 0 0 0 0 0 0 1 0 0 1 0 0 1 0.75 > * X]
 +       0.2218 * <0.222222 0 1 0 0 0 0.8 0 0.5 1 0.75 0.25 1 0 1 0.5 0.666667 0.75 0 1 0 0 0 0 0 0 0 0 0 0.5 1 0 0 1 1 > * X]
 +       0.3378 * <0.111111 1 0 0 0 0 0 0.75 0.5 0 0.5 0.75 0.2 0 1 1 0.333333 0.75 0 0 0 0 0 0 0 0 1 0 0 0 1 0 0 1 0.75 > * X]
 -       1      * <0.444444 0 1 0 0 0 0.8 1 0.5 0.75 0 0 0.4 0 1 1 0.333333 1 0 0 0 0 0 1 0 0 0 0 0 0 1 0 1 0 1 > * X]
 -       1      * <0.222222 0 1 0 0 0 0 0 0 0.5 1 1 0.2 0 1 0.5 0.333333 0.5 0 0 0 0 0 0 0 0 1 0 0 1 1 0 1 0 1 > * X]
 -       1      * <0.111111 0 0 0 0 1 0.8 0 0.25 1 0.75 0.5 0.8 1 1 1 0.666667 0.5 0 0 0 0 0 0 1 0 0 0 0 0 1 0 0 1 0.75 > * X]
 -       1      * <0.444444 0 1 0 0 0 0.8 0.75 1 0 0.25 0.5 0.6 1 1 0.5 0 0.25 0 0 0 0 0 1 0 0 0 0 0 0 0 0 1 0 0.25 > * X]
 -       1      * <0 0 1 0 0 0 1 0.75 0.5 1 0 0.25 0.2 1 1 1 0.333333 0.75 0 0 0 0 0 0 0 0 0 1 0 1 1 0 1 0 1 > * X]
 +       0.9583

Number of support vectors: 90

Number of kernel evaluations: 10528 (87.135% cached)

Calibration model fit to the output:
Logistic Regression with ridge parameter of 1.0E-8
Coefficients...
                    Class
Variable     Dissatisfied
=========================
pred            -122.4555
Intercept        121.0235


Odds Ratios...
                    Class
Variable     Dissatisfied
=========================
pred                    0


Classifier for classes: Dissatisfied, Satisfied

BinarySMO

      0.4093 * <0.777778 0 1 0 0 0 0.8 0.5 0.25 1 0 0.75 0.2 1 1 1 0 0.5 1 0 0 0 0 0 0 0 0 0 0 0 1 1 0 0 1 > * X]
 +       0.1015 * <0.333333 0 1 0 0 0 1 0.75 0.75 0.25 0.25 0.5 0.8 0 0.6 0.5 0.333333 0.5 1 0 0 0 0 0 0 0 0 0 0 1 1 0 1 0 0.75 > * X]
 -       1      * <0.444444 0 0 0 1 0 0.8 0.5 0.5 0.75 0 0 0 0 1 0.5 1 0.5 1 0 0 0 0 0 0 0 0 0 0 0 0.333333 0 1 0 0.25 > * X]
 +       0.0693 * <0.777778 0 1 0 0 0 0.2 0 0 0.75 0.75 1 0.4 0 0.2 0.5 0 0.5 0 0 0 0 0 0 0 0 1 0 0 0 1 0 1 0 0.75 > * X]
 +       0.5158 * <0.555556 0 1 0 0 0 0.2 0.25 0.25 0.25 0 0 0.6 1 1 0 0 0.75 0 0 0 0 0 0 0 0 1 0 0 0.5 1 0 1 0 0.75 > * X]
 +       0.0416 * <0.555556 0 1 0 0 0 0.2 0 0.25 0 0.5 0.25 0.4 0 0.4 0 0 0 0 0 0 0 0 0 0 0 1 0 0 0.5 1 1 0 0 1 > * X]
 +       0.0108 * <0.222222 0 0 1 0 0 0 0.75 1 0.5 0 0.75 0.2 0 1 1 0.333333 0.5 1 0 0 0 0 0 0 0 0 0 1 1 0.666667 0 1 0 0.5 > * X]
 -       1      * <0.222222 0 0 1 0 0 0.6 0 0.5 0.75 1 0.25 0.4 0 1 0.5 1 0.75 0 0 0 0 1 0 0 0 0 0 1 0 1 0 0 1 0.5 > * X]
 +       0.2487 * <0 1 0 0 0 0 0.6 0.25 0.5 0.75 1 1 0.4 1 1 0.5 0.333333 0.5 0 1 0 0 0 0 0 0 0 0 1 0.5 1 0 0 1 0.75 > * X]
 +       0.9577 * <0.222222 0 1 0 0 0 0.4 0.75 0.25 1 0.5 0 0.4 1 0.6 0.5 0.333333 1 0 0 0 0 0 0 1 0 0 0 0 0 0.666667 0 1 0 0.25 > * X]
 +       1      * <0.222222 0 1 0 0 0 0.8 0.75 0.75 0.75 0 0 0.4 0 0.8 0 0 0.75 0 0 0 0 0 0 0 1 0 0 1 1 0.666667 0 1 0 1 > * X]
 -       1      * <0.222222 1 0 0 0 0 0.8 0.25 0.5 1 0 0.75 0.4 1 1 1 0 0.5 0 0 0 0 0 0 0 0 1 0 0 0.5 1 0 1 0 0.25 > * X]
 +       0.6766 * <0.111111 0 1 0 0 0 0.8 0.25 0.75 0 0 0.5 0 0 1 0 0.333333 0 0 0 0 0 0 1 0 0 0 0 0 0 0.666667 0 1 0 0.5 > * X]
 -       1      * <0.111111 1 0 0 0 0 0.6 0 0.25 0.75 0.5 1 0.2 0 1 0.5 0 0.5 0 0 0 0 0 0 0 1 0 0 0 1 0.666667 0 1 0 0.5 > * X]
 +       0.8039 * <0.444444 0 1 0 0 0 0.8 0 0.5 0.75 0.5 0.5 0.2 0 1 1 0.666667 0.5 0 0 0 0 0 0 0 0 1 0 0 1 1 0 0 1 0.75 > * X]
 +       0.0787 * <0.222222 0 1 0 0 0 0.6 1 0 0.5 0.25 0.75 0.4 1 1 0.5 0.333333 0.5 0 0 1 0 0 0 0 0 0 0 0 0.5 1 0 0 1 0.75 > * X]
 +       0.6149 * <0.444444 0 1 0 0 0 0.6 0.5 1 0.75 0.75 1 0 0 0.6 0 1 0.75 0 0 0 0 0 0 0 0 1 0 0 0.5 1 0 0 1 1 > * X]
 +       0.666  * <0.444444 0 0 0 0 1 0.4 0.75 0 1 0 0.25 0.4 0 1 0.5 1 1 0 0 0 0 1 0 0 0 0 0 0 0 0.666667 0 0 1 0.25 > * X]
 -       1      * <0.222222 1 0 0 0 0 0.8 0.5 1 0.25 0.5 0.75 0.2 1 1 1 0.666667 0.25 0 0 0 0 0 0 0 0 1 0 1 0.5 1 0 0 1 0.25 > * X]
 +       0.4433 * <0.222222 0 1 0 0 0 1 1 0.75 0 0 0.5 0.2 1 1 1 0.333333 0.5 0 0 1 0 0 0 0 0 0 0 0 0.5 1 0 1 0 1 > * X]
 -       1      * <0.111111 0 1 0 0 0 0 0 0 0 0 0 0.6 0 0.6 0 0 0.5 0 0 1 0 0 0 0 0 0 0 1 1 1 0 0 1 1 > * X]
 -       1      * <0.222222 1 0 0 0 0 0.4 0.75 0.75 0.5 0.5 0.75 0.4 0 0.6 0.5 0.333333 0.25 1 0 0 0 0 0 0 0 0 0 0 1 0.666667 1 0 0 0.75 > * X]
 -       1      * <0.444444 0 1 0 0 0 0.6 1 0 0.5 0.5 0.75 0.4 1 1 0 0.666667 0.5 0 0 0 0 1 0 0 0 0 0 0 0 1 0 1 0 0.5 > * X]
 +       0.8276 * <0.444444 0 1 0 0 0 0.4 0 0.5 0.25 0 0 0.2 1 1 1 0.333333 0.5 0 0 0 0 0 0 0 0 0 1 0 1 1 0 0 1 1 > * X]
 -       1      * <0.444444 1 0 0 0 0 0.8 0.75 0 1 0.5 0.25 0.2 0 1 0.5 0.666667 0.25 0 0 0 0 1 0 0 0 0 0 0 1 1 0 0 1 0.75 > * X]
 +       0.0301 * <0.666667 0 1 0 0 0 0.6 1 0 0.75 0.25 0.5 0.2 1 0.4 1 0.666667 0.75 0 0 1 0 0 0 0 0 0 0 1 0 1 0 0 1 0.5 > * X]
 +       0.5231 * <0 1 0 0 0 0 0.4 0 0.75 0.25 1 0.5 0.6 0 0.6 0 0 0.75 0 0 0 0 0 0 0 0 0 1 0 0.5 1 0 0 1 0.75 > * X]
 +       0.0166 * <0.222222 0 1 0 0 0 0.8 0.75 0 1 0.25 0.5 0.6 0 1 0.5 0.666667 1 0 0 0 0 0 0 0 0 1 0 1 0.5 1 1 0 0 0.5 > * X]
 +       0.8879 * <0.444444 0 0 1 0 0 0.8 0.5 0 1 0.75 0.25 0.4 1 1 0 0.666667 0.5 0 0 0 0 1 0 0 0 0 0 0 0 0.666667 1 0 0 0.5 > * X]
 +       0.1969 * <0.111111 0 1 0 0 0 1 0.5 0.25 0 0 0.25 0.4 1 0.8 0 0.666667 0.75 0 0 0 0 0 0 0 0 1 0 0 0 1 0 0 1 1 > * X]
 -       1      * <0.111111 0 0 1 0 0 0.6 1 0.5 0.75 0 0.25 0 1 0.8 1 1 0.75 0 0 0 0 1 0 0 0 0 0 0 0 0.333333 0 1 0 0.5 > * X]
 +       0.3978 * <0.111111 0 0 0 0 1 0 0 0 0.25 1 1 0.4 1 1 1 0.333333 0.75 0 0 0 0 0 0 0 0 1 0 0 1 1 0 0 1 1 > * X]
 +       0.7253 * <0.222222 0 1 0 0 0 0.8 0.25 1 0.75 0.5 0 0.4 1 1 1 0.333333 1 1 0 0 0 0 0 0 0 0 0 0 1 1 0 0 1 1 > * X]
 +       0.0559 * <0.777778 0 0 0 1 0 0.8 0 1 0.5 0.75 0.25 0.4 1 1 1 0 0.5 1 0 0 0 0 0 0 0 0 0 1 1 1 0 1 0 0.75 > * X]
 +       0.7689 * <0.222222 0 1 0 0 0 0.6 0 0.25 0.75 1 0.5 0.2 1 1 1 0.666667 0.5 0 0 0 0 0 0 0 0 1 0 0 0.5 1 0 0 1 0.75 > * X]
 -       1      * <0.222222 0 1 0 0 0 0.2 1 0.5 0.75 0.25 0 0.2 0 0.4 0 1 0.75 0 0 0 0 0 0 0 0 1 0 0 1 1 1 0 0 1 > * X]
 +       0.237  * <0.222222 1 0 0 0 0 0.8 1 0.75 0 0.5 1 0.8 1 1 0 0.666667 0.75 0 0 0 0 0 0 0 0 0 1 0 1 1 0 0 1 0.75 > * X]
 -       1      * <0 0 1 0 0 0 1 0.75 0.5 1 0 0.25 0.2 1 1 1 0.333333 0.75 0 0 0 0 0 0 0 0 0 1 0 1 1 0 1 0 1 > * X]
 +       0.1816 * <0.333333 0 1 0 0 0 0.2 0 0.5 0.25 0.75 0 0.4 0 1 0 1 0.5 0 0 0 0 0 0 0 0 1 0 0 0.5 1 0 1 0 0 > * X]
 +       1      * <0.111111 0 1 0 0 0 0.4 0 0 0.5 0 0.25 0.2 0 1 1 0.666667 0.75 0 0 0 0 1 0 0 0 0 0 0 1 0.666667 1 0 0 0.5 > * X]
 +       0.0123 * <0.222222 0 1 0 0 0 0.8 0 0.5 0.5 0.25 0.5 0.2 0 0.6 0.5 0.333333 0.5 0 0 0 0 0 0 0 0 1 0 1 0.5 1 0 0 1 0.75 > * X]
 +       0.5778 * <0.222222 1 0 0 0 0 0.4 0.5 0.75 1 0.25 0 0.2 0 0.8 0.5 0 0.25 0 0 0 0 0 0 0 0 1 0 1 0 0.666667 0 0 1 0.75 > * X]
 -       1      * <0.444444 0 0 0 1 0 0.4 0 0 0.75 0.75 1 0.2 0 1 1 0 0.5 0 0 0 0 0 0 0 0 1 0 0 1 1 1 0 0 1 > * X]
 +       0.3605 * <0.444444 0 1 0 0 0 1 0 0.5 0.75 0.25 1 0.4 0 1 0.5 0.333333 0.75 0 0 0 0 0 1 0 0 0 0 0 1 0 0 1 0 0.5 > * X]
 +       1      * <0.555556 1 0 0 0 0 0.8 0.75 0.5 0 1 0.75 0.4 1 0.8 0.5 0.333333 0.5 1 0 0 0 0 0 0 0 0 0 0 0.5 0.333333 0 1 0 0.25 > * X]
 +       0.3033 * <0.777778 0 1 0 0 0 0.8 0.5 0.25 1 0 0.75 0.2 1 1 1 0 0.5 1 0 0 0 0 0 0 0 0 0 0 0 1 1 0 0 1 > * X]
 +       1      * <0.111111 0 1 0 0 0 0.6 0 0.5 0.75 0.25 1 0 0 1 1 0.666667 0.5 0 0 0 0 0 0 0 0 1 0 0 0.5 1 0 1 0 0.75 > * X]
 +       0.3416 * <0.222222 0 1 0 0 0 0.4 0.75 0 0.5 0.5 0.25 0.2 0 0.4 0.5 0 0.5 0 0 0 0 0 0 0 0 0 1 0 0.5 0.666667 1 0 0 0.5 > * X]
 -       1      * <0.777778 0 1 0 0 0 0.4 0 0 0 0.5 1 0 0 1 0.5 0.333333 0.75 0 0 0 0 0 0 0 0 1 0 0 0 1 0 1 0 1 > * X]
 +       1      * <0.111111 1 0 0 0 0 1 0.5 0.75 0.25 0.5 1 0.2 0 1 1 0.333333 0.5 0 0 0 0 0 0 0 0 1 0 0 1 1 1 0 0 0.75 > * X]
 +       1      * <0.111111 0 1 0 0 0 1 1 0.75 0.5 0 0.25 0.2 0 1 0.5 0.666667 0.75 0 0 0 0 0 0 0 0 1 0 0 0.5 0.666667 0 1 0 0.75 > * X]
 +       0.96   * <0.222222 0 1 0 0 0 0.8 1 0 0.5 0.5 0.25 0.4 0 1 0.5 0.666667 0.75 1 0 0 0 0 0 0 0 0 0 0 0 0.666667 0 0 1 0.5 > * X]
 +       0.0919 * <0.222222 0 1 0 0 0 0.8 0.5 0.25 1 0.75 0 0.2 0 1 1 0.666667 0.5 0 0 1 0 0 0 0 0 0 0 1 0 1 0 1 0 0.5 > * X]
 -       1      * <0.222222 0 1 0 0 0 0.8 0.25 0 0.5 0 0.75 0.2 1 1 0.5 0 0.5 0 0 0 0 0 0 1 0 0 0 1 1 0.666667 1 0 0 0.75 > * X]
 +       1      * <0.333333 1 0 0 0 0 0 0.25 0.25 0.5 0 0.25 0.2 0 1 1 0.666667 0.75 0 0 0 0 0 0 0 0 1 0 0 1 1 0 0 1 1 > * X]
 -       1      * <0.222222 0 1 0 0 0 1 0.5 1 0.5 0 0.5 0.4 1 1 1 0.333333 0.75 1 0 0 0 0 0 0 0 0 0 0 0 0.666667 0 1 0 0.25 > * X]
 -       1      * <0.444444 0 1 0 0 0 1 0 0.25 0.75 0.5 1 0.6 1 1 1 0.666667 1 0 0 0 0 0 0 0 0 1 0 0 0 1 0 1 0 1 > * X]
 -       1      * <0.222222 0 1 0 0 0 0 0 0 0.5 1 1 0.2 0 1 0.5 0.333333 0.5 0 0 0 0 0 0 0 0 1 0 0 1 1 0 1 0 1 > * X]
 +       0.5582 * <0.111111 0 0 0 1 0 0.6 0.25 1 0.5 0 0.75 0 1 1 0.5 0.333333 0.5 1 0 0 0 0 0 0 0 0 0 1 0 0.666667 0 1 0 0.5 > * X]
 -       1      * <0.333333 1 0 0 0 0 0.4 0.25 0 0.5 0.75 0.5 0.4 0 0.4 0 0.333333 0.75 1 0 0 0 0 0 0 0 0 0 0 0 1 0 0 1 1 > * X]
 +       0.8477 * <0.333333 0 1 0 0 0 0.6 0.75 0.25 0 1 0.5 0.2 0 0.8 0 1 0.75 0 0 0 0 0 0 0 0 1 0 0 0 1 1 0 0 1 > * X]
 +       1      * <0.555556 1 0 0 0 0 0.8 0 0.25 1 0 0 0.4 1 0.4 0.5 0.333333 0.75 0 0 0 0 0 1 0 0 0 0 0 0 1 0 1 0 0.5 > * X]
 +       0.0179 * <0.777778 0 0 0 1 0 0.8 0.75 0.5 1 0 0.25 0.4 1 1 1 0.333333 1 1 0 0 0 0 0 0 0 0 0 0 0.5 1 0 0 1 0.75 > * X]
 -       1      * <0.111111 0 1 0 0 0 1 1 0.25 0.75 0 0.5 0.2 1 1 0.5 0.333333 0.75 0 0 0 0 0 0 0 0 1 0 0 1 0.666667 0 0 1 0.75 > * X]
 -       1      * <0.333333 0 1 0 0 0 0.6 0 0.75 1 0.5 0.25 0.2 0 1 0 0.666667 0.75 0 0 0 0 0 0 0 0 1 0 1 0.5 1 1 0 0 0.75 > * X]
 +       1      * <0 1 0 0 0 0 0.4 1 0.5 0.75 0.5 0.25 0.4 1 1 0.5 0.666667 0.5 0 0 0 0 0 0 0 0 0 1 0 1 1 0 0 1 0.75 > * X]
 +       0.0219 * <0.222222 0 1 0 0 0 1 1 0.5 0.75 0.25 0 0.4 0 1 0.5 0.333333 0.75 0 0 0 0 0 0 0 0 1 0 0 0.5 0.666667 0 1 0 0.75 > * X]
 -       1      * <0.111111 0 1 0 0 0 0.8 0.75 1 0.25 0 0.75 0.2 0 0.2 0.5 0.333333 0.5 0 0 0 0 0 0 0 0 1 0 0 1 1 0 0 1 0.75 > * X]
 +       1      * <0.111111 0 0 0 1 0 0.8 0.5 0.25 0.75 0.5 0 0.6 1 1 0.5 0.666667 0.5 1 0 0 0 0 0 0 0 0 0 1 0.5 1 0 1 0 0.5 > * X]
 +       0.9813 * <0.666667 0 1 0 0 0 0.2 0 0 0.25 0.75 1 0.6 0 1 0.5 0.666667 0.5 0 0 0 0 0 0 1 0 0 0 0 1 1 0 0 1 1 > * X]
 -       1      * <0.444444 0 1 0 0 0 0 0 0 0 0 0 0 1 1 0.5 0.333333 1 1 0 0 0 0 0 0 0 0 0 1 1 1 0 1 0 1 > * X]
 +       0.4726 * <0.777778 0 0 1 0 0 0.6 0 0.25 0.75 0.5 1 0.4 1 1 1 1 0.75 0 0 0 0 1 0 0 0 0 0 0 0 1 0 1 0 0.5 > * X]
 +       0.0293 * <0.111111 0 1 0 0 0 1 0.75 1 0.75 0 0.25 0.2 0 1 0.5 0.333333 0.75 1 0 0 0 0 0 0 0 0 0 0 1 0.333333 0 0 1 0 > * X]
 -       1      * <0.444444 0 1 0 0 0 1 0.75 0 0.5 1 0.25 0.4 1 1 1 1 0.75 0 0 0 0 0 0 0 0 0 1 0 0.5 1 0 0 1 0.75 > * X]
 +       0.0398 * <0.444444 0 1 0 0 0 0.8 1 0.5 0.25 1 0.75 0.2 0 1 1 1 0.75 0 0 0 0 1 0 0 0 0 0 0 0 1 0 0 1 0.75 > * X]
 -       1      * <0.333333 0 1 0 0 0 0.4 0.25 0.75 0.25 0.5 0.5 0.2 0 1 0.5 0.333333 0.75 0 0 0 0 0 0 0 0 1 0 0 1 1 0 0 1 1 > * X]
 +       0.1769 * <0.777778 0 0 0 1 0 1 0.75 0 1 0.25 0.5 0.4 0 1 1 0.666667 0.5 1 0 0 0 0 0 0 0 0 0 1 0 0.666667 0 0 1 0.25 > * X]
 +       0.6667 * <0.222222 0 1 0 0 0 0 0 0 0.5 0.75 1 0.6 1 1 1 0.333333 1 0 0 0 0 0 0 0 0 1 0 1 0 1 0 1 0 1 > * X]
 -       1      * <0 1 0 0 0 0 1 0.25 1 0.5 0.5 0 0.4 1 1 1 0.333333 1 0 0 0 0 0 0 0 0 0 1 0 1 1 0 0 1 0.5 > * X]
 +       1      * <0.222222 0 0 0 1 0 0.6 0 0.25 1 0.5 0.75 0.6 1 1 0.5 0 0.25 1 0 0 0 0 0 0 0 0 0 0 0.5 1 0 1 0 0.75 > * X]
 +       1      * <0.444444 0 1 0 0 0 0.6 0.5 0.5 0.5 0 0 0 1 1 0.5 0 0.75 0 0 0 0 0 0 0 0 1 0 0 0.5 1 0 0 1 0.75 > * X]
 -       1      * <0.111111 0 0 0 0 1 0.8 0 0.25 1 0.75 0.5 0.8 1 1 1 0.666667 0.5 0 0 0 0 0 0 1 0 0 0 0 0 1 0 0 1 0.75 > * X]
 -       1      * <0.444444 0 1 0 0 0 0.8 0.75 1 0 0.25 0.5 0.6 1 1 0.5 0 0.25 0 0 0 0 0 1 0 0 0 0 0 0 0 0 1 0 0.25 > * X]
 +       1      * <0.111111 0 1 0 0 0 0.8 0.75 0.5 0.75 0.5 1 0.2 1 0.8 1 0.666667 0.75 0 0 0 0 0 0 0 0 0 1 1 1 1 0 0 1 1 > * X]
 +       0.2362 * <0.222222 0 0 0 1 0 0.6 0.75 0.5 1 0.75 0.75 0.6 0 0.6 1 0.666667 0.75 1 0 0 0 0 0 0 0 0 0 0 1 1 1 0 0 0.75 > * X]
 +       0.0887 * <0.111111 0 1 0 0 0 0 0 0 0 0 1 0 0 1 1 0.333333 0.5 1 0 0 0 0 0 0 0 0 0 0 0 0.666667 0 0 1 0.25 > * X]
 -       1      * <0.444444 0 1 0 0 0 0.8 1 0.5 0.75 0 0 0.4 0 1 1 0.333333 1 0 0 0 0 0 1 0 0 0 0 0 0 1 0 1 0 1 > * X]
 +       0.0886 * <0.222222 0 0 1 0 0 1 0.75 0.25 0.75 0.25 1 0.2 1 0.6 0.5 0.666667 1 0 0 0 0 0 0 0 0 0 1 0 0.5 1 0 0 1 1 > * X]
 +       0.7321 * <0.111111 0 0 1 0 0 1 0.75 0.25 0.5 0 1 0.4 1 1 1 0.666667 0.75 0 0 0 0 1 0 0 0 0 0 1 0.5 1 0 0 1 0.75 > * X]
 -       1      * <0.666667 0 1 0 0 0 0.6 1 0 0.75 0.5 0.25 0.2 1 1 0.5 0.666667 0.75 1 0 0 0 0 0 0 0 0 0 0 1 1 0 0 1 0.75 > * X]
 +       0.2015 * <0.444444 0 1 0 0 0 0.8 0.75 0.5 1 0.25 0 0.6 1 1 1 1 0.5 0 0 0 0 0 0 0 0 1 0 1 0.5 1 0 1 0 0.75 > * X]
 +       0.0982 * <0.333333 1 0 0 0 0 0.8 0 0 0.5 0.25 1 0.2 0 1 1 0 0.75 0 1 0 0 0 0 0 0 0 0 0 0.5 1 0 0 1 0.75 > * X]
 +       0.426  * <0.555556 0 1 0 0 0 0.8 0.25 0.75 0.5 0.5 0 0.2 0 0.6 1 0.333333 0.75 0 0 1 0 0 0 0 0 0 0 1 1 1 0 1 0 0.75 > * X]
 +       0.127  * <0.111111 0 1 0 0 0 1 0.5 0.75 1 1 0.5 0.2 1 1 1 0.666667 0.5 1 0 0 0 0 0 0 0 0 0 1 0 0.666667 0 0 1 0.5 > * X]
 -       1      * <0.222222 0 0 0 1 0 1 0.25 0.75 0.5 0.25 0.25 0.4 1 1 1 1 0.5 1 0 0 0 0 0 0 0 0 0 1 0 1 0 0 1 0.75 > * X]
 +       0.0551 * <0.888889 0 1 0 0 0 0.4 0.25 0.25 0 0.25 0 0.2 0 0.8 0 0.666667 0.75 0 0 0 0 0 0 0 0 1 0 0 0 0.666667 0 1 0 0.25 > * X]
 -       1      * <0.333333 0 1 0 0 0 0 0 0 1 1 0.25 0.2 1 1 0.5 0.666667 0.75 0 0 0 0 0 0 0 0 0 1 0 0 1 0 0 1 0.75 > * X]
 +       0.9542

Number of support vectors: 97

Number of kernel evaluations: 19682 (87.787% cached)

Calibration model fit to the output:
Logistic Regression with ridge parameter of 1.0E-8
Coefficients...
                    Class
Variable     Dissatisfied
=========================
pred            -381.7329
Intercept        380.3702


Odds Ratios...
                    Class
Variable     Dissatisfied
=========================
pred                    0


Classifier for classes: Dissatisfied, Very Satisfied

BinarySMO

      0.5141 * <0.444444 1 0 0 0 0 1 0 0 0.25 0.5 0.25 0.4 0 0 0.5 0.333333 1 0 1 0 0 0 0 0 0 0 0 0 0 1 0 0 1 0.75 > * X]
 +       0.1683 * <0.333333 0 0 1 0 0 0.6 0.25 0.75 0.75 0 0.5 0.6 1 1 1 1 1 0 0 0 0 0 0 0 0 1 0 0 0.5 1 0 0 1 1 > * X]
 -       1      * <0.333333 0 1 0 0 0 0.4 0.25 0.75 0.25 0.5 0.5 0.2 0 1 0.5 0.333333 0.75 0 0 0 0 0 0 0 0 1 0 0 1 1 0 0 1 1 > * X]
 +       1      * <0.222222 0 1 0 0 0 0.8 0.5 0.25 1 0.75 0 0.2 1 1 1 1 1 0 0 0 0 0 0 0 0 1 0 0 0 1 0 1 0 0.75 > * X]
 -       1      * <0.111111 0 0 1 0 0 0.6 1 0.5 0.75 0 0.25 0 1 0.8 1 1 0.75 0 0 0 0 1 0 0 0 0 0 0 0 0.333333 0 1 0 0.5 > * X]
 +       1      * <0.333333 0 1 0 0 0 0.6 0.25 0.5 0.5 0.5 0.75 0.4 0 1 1 0.666667 0.5 0 0 0 0 0 0 0 0 1 0 0 1 1 0 0 1 0.75 > * X]
 -       1      * <0.222222 0 1 0 0 0 1 0.5 1 0.5 0 0.5 0.4 1 1 1 0.333333 0.75 1 0 0 0 0 0 0 0 0 0 0 0 0.666667 0 1 0 0.25 > * X]
 -       1      * <0.222222 1 0 0 0 0 0.8 0.25 0.5 1 0 0.75 0.4 1 1 1 0 0.5 0 0 0 0 0 0 0 0 1 0 0 0.5 1 0 1 0 0.25 > * X]
 -       1      * <0.444444 0 0 0 1 0 0.8 0.5 0.5 0.75 0 0 0 0 1 0.5 1 0.5 1 0 0 0 0 0 0 0 0 0 0 0 0.333333 0 1 0 0.25 > * X]
 -       1      * <0.777778 0 1 0 0 0 0.4 0 0 0 0.5 1 0 0 1 0.5 0.333333 0.75 0 0 0 0 0 0 0 0 1 0 0 0 1 0 1 0 1 > * X]
 +       0.6728 * <0 0 1 0 0 0 0.8 0.25 1 1 0 0.75 0.4 1 1 1 0.666667 0.5 0 0 0 0 0 0 0 0 1 0 0 0.5 1 0 0 1 0.5 > * X]
 -       1      * <0.444444 0 1 0 0 0 1 0 0.25 0.75 0.5 1 0.6 1 1 1 0.666667 1 0 0 0 0 0 0 0 0 1 0 0 0 1 0 1 0 1 > * X]
 +       0.6337 * <0.444444 0 1 0 0 0 0.6 0.5 0.75 0.25 0 1 0.2 1 0.4 1 1 0.5 0 0 1 0 0 0 0 0 0 0 0 0.5 0.333333 0 0 1 0.5 > * X]
 +       0.1554 * <0.555556 0 0 0 1 0 1 0.5 0 0.25 0.5 0 0.2 0 1 1 0.666667 0.75 1 0 0 0 0 0 0 0 0 0 0 0.5 1 0 0 1 0.75 > * X]
 -       1      * <0.222222 0 1 0 0 0 0 0 0 0.5 1 1 0.2 0 1 0.5 0.333333 0.5 0 0 0 0 0 0 0 0 1 0 0 1 1 0 1 0 1 > * X]
 +       0.479  * <0.222222 0 0 1 0 0 1 1 0 0.75 0.25 0.5 0.4 1 1 1 1 1 0 0 0 0 0 0 0 0 1 0 0 0.5 0.666667 0 0 1 0.75 > * X]
 +       0.9658 * <0.555556 0 1 0 0 0 0.2 0 0.25 0.5 0.5 1 0.2 1 1 1 1 0.75 0 0 0 0 0 0 0 0 1 0 1 0.5 1 0 0 1 1 > * X]
 +       0.3824 * <0.444444 0 1 0 0 0 0.6 0.25 0 0 0.75 0.25 0.2 1 1 0.5 0.666667 0.25 0 0 0 0 0 0 0 0 1 0 0 0 1 0 1 0 0.75 > * X]
 -       1      * <0.111111 0 1 0 0 0 1 1 0.25 0.75 0 0.5 0.2 1 1 0.5 0.333333 0.75 0 0 0 0 0 0 0 0 1 0 0 1 0.666667 0 0 1 0.75 > * X]
 -       1      * <0.333333 0 1 0 0 0 0.6 0 0.75 1 0.5 0.25 0.2 0 1 0 0.666667 0.75 0 0 0 0 0 0 0 0 1 0 1 0.5 1 1 0 0 0.75 > * X]
 +       1      * <0.444444 0 1 0 0 0 0.4 0 0 0.75 0.25 0.25 0.4 1 1 0.5 0.333333 0.75 0 0 0 0 0 0 0 0 0 1 0 0 1 0 0 1 1 > * X]
 +       0.7463 * <0.111111 0 1 0 0 0 1 0.5 0.25 1 0 0.75 0.2 0 1 0.5 0 0.5 0 1 0 0 0 0 0 0 0 0 0 0.5 0.666667 0 1 0 0.5 > * X]
 -       1      * <0.111111 0 1 0 0 0 0.8 0.75 1 0.25 0 0.75 0.2 0 0.2 0.5 0.333333 0.5 0 0 0 0 0 0 0 0 1 0 0 1 1 0 0 1 0.75 > * X]
 -       1      * <0.222222 1 0 0 0 0 0.8 0.5 1 0.25 0.5 0.75 0.2 1 1 1 0.666667 0.25 0 0 0 0 0 0 0 0 1 0 1 0.5 1 0 0 1 0.25 > * X]
 +       1      * <0.666667 0 1 0 0 0 0 0 0 0.5 0.5 1 0.4 1 1 1 0.333333 0.75 0 0 0 0 0 0 0 0 1 0 0 1 1 1 0 0 1 > * X]
 +       0.1443 * <0.222222 0 1 0 0 0 0.6 1 0.5 0 0.75 0.25 0.2 1 1 0 0.666667 0.75 0 0 0 0 0 0 0 0 1 0 0 0 1 0 0 1 0.75 > * X]
 -       1      * <0.666667 0 1 0 0 0 0.6 1 0 0.75 0.5 0.25 0.2 1 1 0.5 0.666667 0.75 1 0 0 0 0 0 0 0 0 0 0 1 1 0 0 1 0.75 > * X]
 +       1      * <0.333333 0 1 0 0 0 0.6 0.75 0.25 1 0 0.5 0 0 1 0 0 0.75 1 0 0 0 0 0 0 0 0 0 0 0 0.666667 0 0 1 0.75 > * X]
 +       0.6644 * <0.555556 0 0 1 0 0 0 0 0 0 0 0.5 0.2 0 0.8 0 0 0.5 0 0 0 0 1 0 0 0 0 0 0 0 0.666667 0 0 1 0.5 > * X]
 +       0.2884 * <0.222222 0 1 0 0 0 0.6 0.5 0 1 0.25 0.75 0.4 1 1 0.5 0.666667 0.75 0 0 1 0 0 0 0 0 0 0 1 0 0.666667 0 1 0 0.25 > * X]
 +       1      * <0.666667 1 0 0 0 0 0.8 1 0.25 1 0.25 0.25 0.6 1 0.8 0.5 0.333333 0 0 0 0 1 0 0 0 0 0 0 0 1 1 1 0 0 0.75 > * X]
 +       1      * <0.111111 1 0 0 0 0 0.2 0 0 0 0 0 0.2 0 0.4 0 1 0.5 0 0 0 0 0 0 0 0 1 0 0 0.5 1 1 0 0 0 > * X]
 +       0.6474 * <0.111111 0 1 0 0 0 1 0.75 1 0 0.75 0 0.6 0 1 0.5 0 1 0 0 0 0 1 0 0 0 0 0 1 0 1 0 1 0 1 > * X]
 -       1      * <0.111111 1 0 0 0 0 0.6 0 0.25 0.75 0.5 1 0.2 0 1 0.5 0 0.5 0 0 0 0 0 0 0 1 0 0 0 1 0.666667 0 1 0 0.5 > * X]
 -       1      * <0.222222 0 0 1 0 0 0.6 0 0.5 0.75 1 0.25 0.4 0 1 0.5 1 0.75 0 0 0 0 1 0 0 0 0 0 1 0 1 0 0 1 0.5 > * X]
 +       0.7581 * <0.333333 0 1 0 0 0 0.8 0.5 0.75 0.75 1 0.25 0.2 0 0 0.5 1 0.75 0 0 0 0 0 0 0 0 1 0 0 1 1 0 0 1 0.5 > * X]
 +       0.7623 * <0.444444 1 0 0 0 0 0.8 1 0.5 0.25 0.5 0.25 1 0 1 1 1 0.25 0 0 0 0 0 1 0 0 0 0 0 0 1 0 1 0 0.5 > * X]
 +       0.36   * <0.111111 0 0 0 1 0 0.8 0 0.75 0.25 0.5 1 0.2 1 1 0.5 0.666667 0.5 1 0 0 0 0 0 0 0 0 0 1 0 0.666667 1 0 0 0.75 > * X]
 +       1      * <0.333333 0 1 0 0 0 0.6 0 0.25 0.75 1 0.5 0.2 1 1 1 0 0.5 0 0 0 0 0 0 1 0 0 0 1 1 1 1 0 0 0.25 > * X]
 +       0.031  * <0.111111 0 1 0 0 0 0.6 1 0.75 0 0.25 1 0.4 1 0.2 0.5 0.333333 0.25 1 0 0 0 0 0 0 0 0 0 0 1 0.666667 1 0 0 0.5 > * X]
 -       1      * <0.444444 0 1 0 0 0 1 0.75 0 0.5 1 0.25 0.4 1 1 1 1 0.75 0 0 0 0 0 0 0 0 0 1 0 0.5 1 0 0 1 0.75 > * X]
 -       1      * <0.444444 0 1 0 0 0 0.8 1 0.5 0.75 0 0 0.4 0 1 1 0.333333 1 0 0 0 0 0 1 0 0 0 0 0 0 1 0 1 0 1 > * X]
 +       0.1082 * <0.444444 0 0 0 1 0 0.4 0.5 0.25 1 1 1 0.4 1 1 1 1 0.25 1 0 0 0 0 0 0 0 0 0 0 1 0 1 0 0 0 > * X]
 +       1      * <0.222222 1 0 0 0 0 0.4 0 1 0 1 0.25 0.6 0 1 1 0 0.75 0 0 0 0 0 0 0 0 0 1 0 1 1 0 0 1 0.5 > * X]
 +       1      * <0.666667 1 0 0 0 0 0.8 0.5 0.25 0.5 0 1 0.4 0 0.4 0.5 0 0.5 0 0 0 0 0 0 1 0 0 0 0 0.5 1 0 1 0 0.75 > * X]
 -       1      * <0.222222 0 1 0 0 0 0.8 0.25 0 0.5 0 0.75 0.2 1 1 0.5 0 0.5 0 0 0 0 0 0 1 0 0 0 1 1 0.666667 1 0 0 0.75 > * X]
 +       0.875  * <0.555556 0 0 0 1 0 1 0.25 0.25 0.25 1 0.25 0.8 0 1 0.5 1 0.75 0 0 0 0 1 0 0 0 0 0 1 0 0.666667 0 1 0 0.75 > * X]
 +       1      * <0.333333 0 0 1 0 0 0.6 0.5 1 0.25 0 0.75 0.6 1 1 0 0 0.75 0 0 0 0 0 1 0 0 0 0 1 0 1 0 1 0 1 > * X]
 +       1      * <0.333333 0 0 0 1 0 0 0.75 0.25 0.75 0.5 0 0.2 1 1 1 0.333333 0.5 1 0 0 0 0 0 0 0 0 0 0 1 1 1 0 0 0.5 > * X]
 +       0.3879 * <0.222222 0 1 0 0 0 0.8 0.5 0.25 0.75 1 0 0.4 1 1 0.5 0.333333 0.5 0 0 0 0 0 0 0 0 0 1 0 0 1 0 0 1 0.75 > * X]
 -       1      * <0.222222 0 0 0 1 0 1 0.25 0.75 0.5 0.25 0.25 0.4 1 1 1 1 0.5 1 0 0 0 0 0 0 0 0 0 1 0 1 0 0 1 0.75 > * X]
 +       0.0261 * <0.444444 0 1 0 0 0 0.6 0.25 0 0 0.75 0.25 0.2 1 1 0.5 0.666667 0.25 0 0 0 0 0 0 0 0 1 0 0 0 1 0 1 0 0.75 > * X]
 +       1      * <0.222222 0 1 0 0 0 0.6 1 0.5 0.25 0 0.75 0.6 0 1 1 0.333333 0.5 0 0 0 0 0 0 0 0 1 0 0 1 1 0 1 0 0.5 > * X]
 +       1      * <0.333333 0 1 0 0 0 0.8 1 0.25 1 1 0 0.4 0 1 0.5 1 0.5 0 0 0 0 0 0 0 0 0 1 0 1 1 0 0 1 1 > * X]
 +       1      * <0.111111 0 1 0 0 0 1 0.5 0.25 1 0 0.75 0.4 1 1 0.5 0.333333 0.5 0 0 0 0 0 0 0 0 1 0 0 0 1 0 1 0 1 > * X]
 +       0.7369 * <0.222222 0 1 0 0 0 0.4 0.25 0.5 0.75 0.25 1 0 1 1 1 0.333333 0.5 1 0 0 0 0 0 0 0 0 0 0 0 0.666667 0 1 0 0.75 > * X]
 -       1      * <0.333333 1 0 0 0 0 0.4 0.25 0 0.5 0.75 0.5 0.4 0 0.4 0 0.333333 0.75 1 0 0 0 0 0 0 0 0 0 0 0 1 0 0 1 1 > * X]
 -       1      * <0.444444 0 1 0 0 0 0 0 0 0 0 0 0 1 1 0.5 0.333333 1 1 0 0 0 0 0 0 0 0 0 1 1 1 0 1 0 1 > * X]
 -       1      * <0 0 1 0 0 0 1 0.75 0.5 1 0 0.25 0.2 1 1 1 0.333333 0.75 0 0 0 0 0 0 0 0 0 1 0 1 1 0 1 0 1 > * X]
 -       1      * <0.222222 0 1 0 0 0 0.2 1 0.5 0.75 0.25 0 0.2 0 0.4 0 1 0.75 0 0 0 0 0 0 0 0 1 0 0 1 1 1 0 0 1 > * X]
 -       1      * <0.444444 1 0 0 0 0 0.8 0.75 0 1 0.5 0.25 0.2 0 1 0.5 0.666667 0.25 0 0 0 0 1 0 0 0 0 0 0 1 1 0 0 1 0.75 > * X]
 +       1      * <0.111111 0 1 0 0 0 0.8 0.75 0.25 0.5 0.5 0.5 0.2 1 1 1 0.333333 0.25 0 0 0 0 1 0 0 0 0 0 1 0 1 0 1 0 0.75 > * X]
 -       1      * <0 1 0 0 0 0 1 0.25 1 0.5 0.5 0 0.4 1 1 1 0.333333 1 0 0 0 0 0 0 0 0 0 1 0 1 1 0 0 1 0.5 > * X]
 -       1      * <0.222222 1 0 0 0 0 0.4 0.75 0.75 0.5 0.5 0.75 0.4 0 0.6 0.5 0.333333 0.25 1 0 0 0 0 0 0 0 0 0 0 1 0.666667 1 0 0 0.75 > * X]
 +       0.8524 * <0.222222 0 1 0 0 0 0.8 0.5 0 0.25 0.5 0.5 0.2 0 1 1 1 1 1 0 0 0 0 0 0 0 0 0 0 0.5 0.333333 0 0 1 0.5 > * X]
 -       1      * <0.333333 0 1 0 0 0 0 0 0 1 1 0.25 0.2 1 1 0.5 0.666667 0.75 0 0 0 0 0 0 0 0 0 1 0 0 1 0 0 1 0.75 > * X]
 -       1      * <0.444444 0 1 0 0 0 0.8 0.75 1 0 0.25 0.5 0.6 1 1 0.5 0 0.25 0 0 0 0 0 1 0 0 0 0 0 0 0 0 1 0 0.25 > * X]
 +       1      * <0.111111 0 1 0 0 0 0 0 0 0.5 0.5 0 0.6 1 1 0.5 0 0.5 1 0 0 0 0 0 0 0 0 0 0 0.5 1 0 0 1 0.75 > * X]
 -       1      * <0.444444 0 1 0 0 0 0.6 1 0 0.5 0.5 0.75 0.4 1 1 0 0.666667 0.5 0 0 0 0 1 0 0 0 0 0 0 0 1 0 1 0 0.5 > * X]
 +       1      * <0.111111 0 0 1 0 0 0.6 0.75 0.75 0.75 0 0.5 0.2 0 1 0 0 0.75 0 0 0 0 0 0 0 0 1 0 0 1 1 0 0 1 0.75 > * X]
 +       1      * <0.111111 0 1 0 0 0 0.8 1 1 1 0.5 0.5 0.2 1 1 0.5 0.333333 0.5 1 0 0 0 0 0 0 0 0 0 0 0.5 1 0 1 0 0.5 > * X]
 -       1      * <0.111111 0 1 0 0 0 0 0 0 0 0 0 0.6 0 0.6 0 0 0.5 0 0 1 0 0 0 0 0 0 0 1 1 1 0 0 1 1 > * X]
 +       0.0562 * <0.666667 0 1 0 0 0 0 0 0 0 0 0.75 0 0 1 0 0 0.25 0 0 0 0 0 1 0 0 0 0 0 0 0 0 0 1 0 > * X]
 -       1      * <0.444444 0 0 0 1 0 0.4 0 0 0.75 0.75 1 0.2 0 1 1 0 0.5 0 0 0 0 0 0 0 0 1 0 0 1 1 1 0 0 1 > * X]
 +       0.5187 * <0.333333 0 1 0 0 0 0.8 0.5 0.75 0.75 1 0.25 0.2 0 0 0.5 1 0.75 0 0 0 0 0 0 0 0 1 0 0 1 1 0 0 1 0.5 > * X]
 +       1      * <0.666667 0 0 0 1 0 0.8 0 0.75 1 0 0.5 0 0 1 1 0.666667 1 1 0 0 0 0 0 0 0 0 0 1 0 0.666667 0 1 0 1 > * X]
 +       0.0648 * <0.333333 0 1 0 0 0 0.8 0.5 0.75 0.75 1 0.25 0.2 0 0 0.5 1 0.75 0 0 0 0 0 0 0 0 1 0 0 1 1 0 0 1 0.5 > * X]
 -       1      * <0.111111 0 0 0 0 1 0.8 0 0.25 1 0.75 0.5 0.8 1 1 1 0.666667 0.5 0 0 0 0 0 0 1 0 0 0 0 0 1 0 0 1 0.75 > * X]
 +       0.9828

Number of support vectors: 78

Number of kernel evaluations: 12036 (81.891% cached)

Calibration model fit to the output:
Logistic Regression with ridge parameter of 1.0E-8
Coefficients...
                    Class
Variable     Dissatisfied
=========================
pred             -76.3787
Intercept         74.6049


Odds Ratios...
                    Class
Variable     Dissatisfied
=========================
pred                    0


Classifier for classes: Neutral, Satisfied

BinarySMO

      1      * <0.111111 0 1 0 0 0 0.8 0.5 0.25 0.25 1 1 1 0 0.8 1 0.333333 0.5 0 0 0 0 0 0 0 0 0 1 0 0.5 1 0 1 0 1 > * X]
 -       1      * <0.333333 0 0 0 1 0 1 1 0.25 0.75 0.5 0 0.6 0 1 0.5 0.333333 0.25 1 0 0 0 0 0 0 0 0 0 1 0 1 0 1 0 0.75 > * X]
 +       1      * <0.222222 0 0 1 0 0 0 0.75 1 0.5 0 0.75 0.2 0 1 1 0.333333 0.5 1 0 0 0 0 0 0 0 0 0 1 1 0.666667 0 1 0 0.5 > * X]
 -       1      * <0.222222 0 1 0 0 0 0.6 0.5 1 0 0.25 0.75 0.4 1 1 0.5 0 0.5 0 0 0 0 0 0 0 0 1 0 0 1 1 0 1 0 0 > * X]
 -       1      * <0.222222 0 1 0 0 0 0.6 0.25 1 0.5 0 0.75 0.4 1 1 1 0.666667 1 0 0 0 0 0 0 0 0 1 0 1 0.5 1 0 1 0 0.25 > * X]
 -       1      * <0.222222 0 1 0 0 0 0.6 0 0.75 0.25 0.5 1 0.4 1 0.8 0.5 0.333333 0.5 0 0 0 0 0 0 1 0 0 0 0 0 1 0 0 1 0 > * X]
 -       1      * <0.111111 0 1 0 0 0 0.4 0 0.25 0.75 0.25 0.5 0.2 0 1 1 0.666667 0.75 0 0 0 0 0 0 0 0 1 0 0 0 0.666667 1 0 0 0.25 > * X]
 +       1      * <0.222222 0 1 0 0 0 1 1 0.75 0.5 0 0.25 0.4 1 1 1 0.333333 0.75 0 0 0 0 0 0 0 0 1 0 1 0.5 0.666667 0 1 0 0.75 > * X]
 -       1      * <0.111111 0 1 0 0 0 0.8 1 0.5 0 0.75 0.25 0.4 0 0.8 0.5 1 1 0 0 0 1 0 0 0 0 0 0 1 1 0.666667 1 0 0 0.75 > * X]
 +       1      * <0.222222 0 0 0 1 0 0.6 0.75 0.5 1 0.75 0.75 0.6 0 0.6 1 0.666667 0.75 1 0 0 0 0 0 0 0 0 0 0 1 1 1 0 0 0.75 > * X]
 -       1      * <0.222222 0 1 0 0 0 0.8 0 0.5 1 0.75 0.25 1 0 1 0.5 0.666667 0.75 0 1 0 0 0 0 0 0 0 0 0 0.5 1 0 0 1 1 > * X]
 +       1      * <0.111111 0 0 1 0 0 0.8 0 0.75 1 0.5 0.25 0.2 1 0.6 0 0 0.5 0 0 0 0 1 0 0 0 0 0 0 0 0.666667 1 0 0 0.5 > * X]
 -       1      * <0.777778 0 1 0 0 0 0.6 0 0.75 1 0.5 0.5 0.4 1 0.8 0 0.333333 0.75 0 0 0 1 0 0 0 0 0 0 0 0 0 1 0 0 0 > * X]
 -       1      * <0.333333 0 0 0 1 0 0.6 0.5 0.75 0 0.25 0 0.4 0 1 1 1 0.5 1 0 0 0 0 0 0 0 0 0 0 0.5 0.666667 0 0 1 0.5 > * X]
 +       1      * <0.666667 0 1 0 0 0 0.6 0.5 0 0.75 0 0.75 0.4 0 1 1 0.333333 0.5 0 0 0 0 0 0 0 0 1 0 0 0 1 0 0 1 0.5 > * X]
 -       1      * <0.111111 1 0 0 0 0 0 0.75 0.5 0 0.5 0.75 0.2 0 1 1 0.333333 0.75 0 0 0 0 0 0 0 0 1 0 0 0 1 0 0 1 0.75 > * X]
 +       1      * <0.444444 0 1 0 0 0 0.8 1 0.25 0.5 0.5 1 0.4 0 1 1 0.333333 1 0 0 0 0 1 0 0 0 0 0 1 0 0.666667 0 0 1 0.75 > * X]
 +       1      * <0.333333 0 1 0 0 0 0.2 0 0.5 0.25 0.75 0 0.4 0 1 0 1 0.5 0 0 0 0 0 0 0 0 1 0 0 0.5 1 0 1 0 0 > * X]
 +       1      * <0.333333 0 1 0 0 0 0.6 0.5 1 0.25 0 0 0.4 0 1 0.5 0 0.75 0 0 0 0 0 0 0 0 0 1 0 1 1 0 1 0 0.5 > * X]
 -       1      * <0.222222 0 1 0 0 0 1 1 1 0 0.5 1 0.4 1 1 0.5 0.666667 0.5 0 0 0 1 0 0 0 0 0 0 0 0.5 1 0 0 1 0.75 > * X]
 +       0.4196 * <0.444444 1 0 0 0 0 0.8 0 0.5 1 0.5 0.25 1 1 1 1 0.333333 0.75 0 0 0 0 0 1 0 0 0 0 0 0 1 1 0 0 0.5 > * X]
 +       0.6591 * <0.777778 0 1 0 0 0 0.6 0.5 1 0.75 0.5 0 0.4 1 1 0.5 0.333333 0.5 0 0 0 0 0 0 0 0 1 0 1 0 0 1 0 0 0 > * X]
 -       1      * <0.555556 0 0 0 1 0 0.6 1 0.25 0.25 0.25 0 0.2 0 1 0.5 0.333333 0.75 0 0 0 0 0 0 0 0 1 0 0 0.5 1 0 0 1 0.5 > * X]
 -       1      * <0.444444 1 0 0 0 0 0.8 1 0 0.5 0.75 0.25 0.4 1 1 0.5 0.666667 1 0 0 0 0 0 0 0 0 0 1 0 1 1 0 0 1 0.5 > * X]
 +       1      * <0.444444 0 1 0 0 0 0.4 0.25 0 0.25 0.75 1 0.6 0 0.4 0 0 0.25 0 0 0 0 0 1 0 0 0 0 0 0 0.333333 0 1 0 0 > * X]
 +       1      * <0.111111 0 1 0 0 0 0 0 0 0 0 1 0 0 1 1 0.333333 0.5 1 0 0 0 0 0 0 0 0 0 0 0 0.666667 0 0 1 0.25 > * X]
 -       1      * <0.555556 0 1 0 0 0 0.8 1 0.75 0 0.5 0.25 0.2 1 0.8 1 0.666667 0.25 0 0 0 0 0 0 0 0 1 0 0 0 1 0 1 0 0.75 > * X]
 -       1      * <0.555556 0 1 0 0 0 1 0.25 0.75 0.75 0.25 0.5 0.2 1 1 0 0.666667 0.5 0 0 0 0 0 1 0 0 0 0 1 0 1 0 0 1 1 > * X]
 -       1      * <0.444444 0 1 0 0 0 0 0 0 0.5 0.75 1 0.4 0 1 0.5 0 0.25 0 0 0 0 0 0 0 0 1 0 1 0 1 0 0 1 1 > * X]
 -       1      * <0.555556 0 0 1 0 0 0.8 0.25 0 0.75 0.5 0.5 0.4 0 0.4 1 1 1 0 0 0 0 0 0 0 0 1 0 0 0 0.666667 1 0 0 0.75 > * X]
 +       0.8128 * <0.111111 0 1 0 0 0 0.6 1 0.25 0.75 0 0.5 0.4 0 1 0 0 0.5 0 0 0 0 0 0 0 0 1 0 0 0 1 1 0 0 0.75 > * X]
 +       1      * <0.111111 1 0 0 0 0 1 0.5 0.75 0.25 0.5 1 0.2 0 1 1 0.333333 0.5 0 0 0 0 0 0 0 0 1 0 0 1 1 1 0 0 0.75 > * X]
 +       1      * <0.222222 0 1 0 0 0 0.8 0.5 0.25 1 0.75 0 0.2 0 1 1 0.666667 0.5 0 0 1 0 0 0 0 0 0 0 1 0 1 0 1 0 0.5 > * X]
 +       1      * <0.555556 0 1 0 0 0 0.8 0.75 0 0.25 0.5 1 0.6 1 1 0.5 0.333333 0.75 0 0 0 0 0 0 0 0 1 0 0 0.5 1 0 0 1 0.25 > * X]
 -       1      * <0.111111 0 1 0 0 0 0.6 0.5 0.25 0.25 0 0 0.2 0 1 0.5 0.666667 0.75 0 1 0 0 0 0 0 0 0 0 0 0 0.666667 0 0 1 0.25 > * X]
 +       1      * <0.111111 0 0 0 0 1 0 0 0 0.25 1 1 0.4 1 1 1 0.333333 0.75 0 0 0 0 0 0 0 0 1 0 0 1 1 0 0 1 1 > * X]
 +       1      * <0.555556 0 1 0 0 0 0.2 0.25 0.25 0.25 0 0 0.6 1 1 0 0 0.75 0 0 0 0 0 0 0 0 1 0 0 0.5 1 0 1 0 0.75 > * X]
 +       1      * <0.444444 0 1 0 0 0 0.4 0 0.5 0.25 0 0 0.2 1 1 1 0.333333 0.5 0 0 0 0 0 0 0 0 0 1 0 1 1 0 0 1 1 > * X]
 -       1      * <0 0 1 0 0 0 0.8 0.75 0.5 0.25 0.25 0.25 1 1 0.8 0.5 0 0 1 0 0 0 0 0 0 0 0 0 0 0.5 1 0 0 1 0.75 > * X]
 +       1      * <0 1 0 0 0 0 0.4 1 0.5 0.75 0.5 0.25 0.4 1 1 0.5 0.666667 0.5 0 0 0 0 0 0 0 0 0 1 0 1 1 0 0 1 0.75 > * X]
 -       1      * <0.444444 0 1 0 0 0 0.6 0.25 1 0.75 0.25 0.5 0 0 0.6 0.5 0.333333 0.5 0 0 0 1 0 0 0 0 0 0 0 1 1 0 1 0 0.75 > * X]
 -       1      * <0.666667 1 0 0 0 0 0.6 0.75 0 0.5 1 0 0.8 0 0.8 1 0.333333 0.75 0 0 0 0 0 0 0 0 1 0 0 0 1 0 1 0 0.5 > * X]
 +       1      * <0.666667 0 1 0 0 0 0 0.75 0.5 1 0 0.25 0 1 1 1 0.333333 0.75 0 0 1 0 0 0 0 0 0 0 0 0 0 1 0 0 0.25 > * X]
 +       1      * <0.333333 0 1 0 0 0 0.8 0.75 0.5 0.25 0 1 0.6 0 1 0.5 0.666667 0.5 0 0 0 0 0 0 0 0 1 0 0 0.5 1 0 0 1 0.5 > * X]
 -       1      * <0.777778 0 1 0 0 0 0.8 0.5 0.5 1 0.25 0.25 0 0 1 0.5 0 0.5 1 0 0 0 0 0 0 0 0 0 0 0 0.333333 0 1 0 0 > * X]
 +       1      * <0.444444 0 1 0 0 0 0.8 1 0.75 0.5 0.25 0 0.4 1 1 0.5 0.666667 0.5 0 0 0 0 0 0 0 0 0 1 0 1 1 0 0 1 0 > * X]
 +       1      * <0.555556 1 0 0 0 0 0.8 0.75 0.5 0 1 0.75 0.4 1 0.8 0.5 0.333333 0.5 1 0 0 0 0 0 0 0 0 0 0 0.5 0.333333 0 1 0 0.25 > * X]
 +       1      * <0.222222 0 1 0 0 0 0.8 1 0 0.5 0.5 0.25 0.4 0 1 0.5 0.666667 0.75 1 0 0 0 0 0 0 0 0 0 0 0 0.666667 0 0 1 0.5 > * X]
 +       1      * <0.777778 0 1 0 0 0 0.2 0 0 0.75 0.75 1 0.4 0 0.2 0.5 0 0.5 0 0 0 0 0 0 0 0 1 0 0 0 1 0 1 0 0.75 > * X]
 +       0.6459 * <0.222222 0 1 0 0 0 0.8 0.75 0 1 0.25 0.5 0.6 0 1 0.5 0.666667 1 0 0 0 0 0 0 0 0 1 0 1 0.5 1 1 0 0 0.5 > * X]
 +       1      * <0.333333 0 1 0 0 0 0.8 0.5 1 0 0.75 0.25 0.2 0 1 1 0 0.25 0 0 0 0 0 0 0 0 1 0 0 0 1 0 1 0 0.5 > * X]
 +       1      * <0.444444 1 0 0 0 0 0 1 1 0 0.75 1 0.2 1 1 1 0 0.5 0 0 0 0 0 0 0 0 1 0 0 0 1 0 0 1 0.5 > * X]
 -       1      * <0.333333 0 0 1 0 0 1 1 0.5 0.75 0.25 0 0.8 1 1 1 1 1 0 0 0 0 1 0 0 0 0 0 0 0 1 0 0 1 0.25 > * X]
 +       1      * <0.777778 0 0 0 1 0 0.8 0.75 0.5 1 0 0.25 0.4 1 1 1 0.333333 1 1 0 0 0 0 0 0 0 0 0 0 0.5 1 0 0 1 0.75 > * X]
 -       1      * <0.111111 0 1 0 0 0 0.4 1 0.5 0.75 0 0.25 0 0 1 0 0.333333 0.5 0 0 0 0 0 0 0 0 1 0 0 0 1 1 0 0 0.25 > * X]
 -       1      * <0 0 1 0 0 0 0.8 0.75 0.5 0.25 0.25 0.25 1 1 0.8 0.5 0 0 1 0 0 0 0 0 0 0 0 0 0 0.5 1 0 0 1 0.75 > * X]
 +       1      * <0.777778 0 0 0 1 0 0.8 0 1 0.5 0.75 0.25 0.4 1 1 1 0 0.5 1 0 0 0 0 0 0 0 0 0 1 1 1 0 1 0 0.75 > * X]
 -       1      * <0.777778 1 0 0 0 0 0.8 0.25 0 0.5 0.75 1 0.2 1 1 1 0.333333 0.5 0 1 0 0 0 0 0 0 0 0 1 1 1 0 1 0 0.5 > * X]
 +       0.4951 * <0.444444 0 1 0 0 0 0.6 0.5 0.5 0.5 0.5 1 0.4 0 0.8 0.5 0 0.5 0 0 0 0 0 0 0 0 1 0 0 0.5 1 0 0 1 1 > * X]
 -       1      * <0.333333 0 1 0 0 0 0.6 0.75 1 0.25 0 0.5 0.4 1 1 1 0.666667 0.75 0 0 1 0 0 0 0 0 0 0 0 0.5 1 0 0 1 0.5 > * X]
 +       1      * <0.111111 0 0 0 1 0 0 0 0.5 0 0.5 0.5 0.6 0 1 1 0 0.5 0 0 0 0 0 0 0 0 1 0 0 1 1 0 1 0 0.75 > * X]
 -       1      * <0.555556 0 0 0 1 0 0.8 0 0.75 0.75 0.5 0.5 0.2 0 1 1 0.666667 0.5 0 0 0 0 1 0 0 0 0 0 0 0.5 1 0 0 1 1 > * X]
 -       1      * <0.222222 0 1 0 0 0 1 0 0 0.25 1 1 0.4 0 0.6 1 1 0.5 0 0 0 1 0 0 0 0 0 0 1 1 1 0 1 0 1 > * X]
 -       1      * <0.111111 0 1 0 0 0 0.2 0 0 0.25 0.5 0.75 0.2 0 1 0.5 0 0 0 0 0 0 0 0 0 1 0 0 0 0.5 1 0 0 1 1 > * X]
 +       1      * <0.888889 0 1 0 0 0 0.4 0.25 0.25 0 0.25 0 0.2 0 0.8 0 0.666667 0.75 0 0 0 0 0 0 0 0 1 0 0 0 0.666667 0 1 0 0.25 > * X]
 +       1      * <0.444444 0 1 0 0 0 1 0 0.5 0.75 0.25 1 0.4 0 1 0.5 0.333333 0.75 0 0 0 0 0 1 0 0 0 0 0 1 0 0 1 0 0.5 > * X]
 +       1      * <0.333333 0 0 0 1 0 0.6 0 1 0.75 0.25 0.5 0.4 1 1 1 0.333333 0.5 1 0 0 0 0 0 0 0 0 0 1 0 1 0 1 0 0.25 > * X]
 -       1      * <0.222222 0 1 0 0 0 1 0.25 0 1 0.75 0.5 0.2 1 1 1 0 0.5 0 0 0 0 0 0 1 0 0 0 1 1 1 0 1 0 0.5 > * X]
 +       1      * <0.111111 0 1 0 0 0 1 0.5 0 0.5 0 1 0.4 0 1 0.5 1 0.25 0 0 0 0 0 0 0 0 1 0 0 0 1 1 0 0 1 > * X]
 +       1      * <0.111111 0 1 0 0 0 1 1 0.75 0.5 0 0.25 0.2 0 1 0.5 0.666667 0.75 0 0 0 0 0 0 0 0 1 0 0 0.5 0.666667 0 1 0 0.75 > * X]
 +       1      * <0.777778 0 0 1 0 0 0.6 0 0.25 0.75 0.5 1 0.4 1 1 1 1 0.75 0 0 0 0 1 0 0 0 0 0 0 0 1 0 1 0 0.5 > * X]
 -       1      * <0.111111 0 0 1 0 0 0.4 0.75 1 0.5 0 0 0 1 1 0 0 0.25 0 0 0 0 0 1 0 0 0 0 0 0 0.666667 0 0 1 0.75 > * X]
 +       1      * <0.333333 0 0 0 1 0 0.6 0.25 0.75 0.5 1 0 0.4 1 0.8 0 0 0.25 1 0 0 0 0 0 0 0 0 0 1 0 1 0 1 0 1 > * X]
 +       1      * <0.111111 0 0 1 0 0 0 0.75 0 0.5 1 0.5 0.6 0 1 1 0.666667 1 0 0 0 0 0 0 0 0 1 0 0 0 1 0 0 1 0.75 > * X]
 +       1      * <0.111111 0 0 0 1 0 0.8 0.5 0.25 0.75 0.5 0 0.6 1 1 0.5 0.666667 0.5 1 0 0 0 0 0 0 0 0 0 1 0.5 1 0 1 0 0.5 > * X]
 -       1      * <0.333333 0 1 0 0 0 0.8 1 0.25 0.5 0 0.75 0.4 0 0.4 0.5 1 0.75 0 0 0 0 0 0 1 0 0 0 1 0 0.666667 0 1 0 0.75 > * X]
 -       1      * <0.666667 0 1 0 0 0 0.4 0 0.25 0.5 0.5 1 0.4 0 0.8 0.5 0 0.5 0 0 0 0 0 1 0 0 0 0 0 0 0 0 1 0 0 > * X]
 -       1      * <0.222222 0 0 1 0 0 0.8 0.25 1 0.25 0.75 0 0.4 0 1 0.5 0.333333 0.25 0 0 0 1 0 0 0 0 0 0 1 1 1 0 1 0 0.75 > * X]
 +       1      * <0.333333 1 0 0 0 0 0.8 0 0 0.5 0.25 1 0.2 0 1 1 0 0.75 0 1 0 0 0 0 0 0 0 0 0 0.5 1 0 0 1 0.75 > * X]
 -       1      * <0.111111 0 0 0 1 0 0.4 0 0 1 0 0 0.2 0 0.4 0 0.333333 0.5 0 1 0 0 0 0 0 0 0 0 1 0 1 0 1 0 1 > * X]
 -       1      * <0.222222 0 1 0 0 0 0.8 0 0.5 1 0.75 0.25 1 0 1 0.5 0.666667 0.75 0 1 0 0 0 0 0 0 0 0 0 0.5 1 0 0 1 1 > * X]
 -       1      * <0.222222 0 1 0 0 0 0.8 0.75 1 0 0 0.75 0.8 1 1 1 0.666667 0.25 0 0 0 0 0 1 0 0 0 0 1 0 1 0 1 0 0.75 > * X]
 +       1      * <0.111111 0 1 0 0 0 0.4 0.25 1 0 0.75 1 0.6 0 1 0 0.333333 1 0 0 0 1 0 0 0 0 0 0 1 0.5 1 0 1 0 1 > * X]
 +       1      * <0.333333 0 1 0 0 0 0.4 0 0.5 0.5 1 1 0 0 0.4 0.5 0.333333 0.5 0 0 0 0 0 0 1 0 0 0 0 0 1 0 0 1 0.75 > * X]
 -       1      * <0.444444 1 0 0 0 0 0.4 0.75 0 0.25 1 0.5 0.2 0 1 0.5 0.333333 0.5 0 0 0 0 0 0 0 0 1 0 0 1 1 0 0 1 0.75 > * X]
 +       1      * <0.444444 0 0 1 0 0 0.8 0.5 0 1 0.75 0.25 0.4 1 1 0 0.666667 0.5 0 0 0 0 1 0 0 0 0 0 0 0 0.666667 1 0 0 0.5 > * X]
 -       1      * <0.444444 0 0 0 1 0 1 0.25 0.75 0.5 0 0 0.2 1 1 1 0.666667 1 1 0 0 0 0 0 0 0 0 0 1 0 0.666667 0 0 1 0.75 > * X]
 -       1      * <0.222222 0 0 0 1 0 0.6 1 1 0.25 0 0.5 0.2 0 0.8 1 0.333333 1 0 0 0 0 1 0 0 0 0 0 0 0.5 1 0 0 1 1 > * X]
 -       1      * <0.333333 0 0 0 1 0 0.6 0.75 0.5 1 0.5 0.75 0.4 0 0.6 1 0.333333 0.5 1 0 0 0 0 0 0 0 0 0 0 1 0.666667 0 1 0 0.75 > * X]
 +       1      * <0.222222 0 0 1 0 0 0.6 0 0.75 0.25 0.25 0.5 0.2 1 0.6 1 0.333333 0.5 0 0 0 0 0 0 0 0 0 1 0 1 1 0 1 0 0.75 > * X]
 -       1      * <0.555556 0 0 1 0 0 0 0.25 0.75 0.5 0.25 0.5 0 1 1 0.5 0 0.5 0 0 0 0 0 0 0 0 1 0 1 0 1 0 0 1 1 > * X]
 -       1      * <0.777778 0 1 0 0 0 0.6 0.75 0.5 0.25 0 0 0.6 0 0.8 0.5 0 0.5 0 0 0 0 0 0 0 0 0 1 0 0.5 1 0 1 0 0.25 > * X]
 -       1      * <0.111111 1 0 0 0 0 0.8 1 0 0.25 0.75 0.5 0.2 0 0.6 0.5 0 0.25 0 0 0 0 0 0 0 0 0 1 0 1 0.666667 1 0 0 1 > * X]
 +       1      * <0.222222 0 0 0 1 0 0.6 0 0.25 1 0.5 0.75 0.6 1 1 0.5 0 0.25 1 0 0 0 0 0 0 0 0 0 0 0.5 1 0 1 0 0.75 > * X]
 -       1      * <0.555556 0 1 0 0 0 0 0 0 0.5 0.75 0.75 0.2 1 1 1 0.333333 0.5 0 0 0 0 0 0 1 0 0 0 1 1 1 0 0 1 0.75 > * X]
 -       1      * <0.222222 0 1 0 0 0 1 0.75 0.75 0.75 0 0.25 0.2 0 1 1 0.666667 0.5 1 0 0 0 0 0 0 0 0 0 0 0.5 1 0 1 0 0.5 > * X]
 -       1      * <0.555556 0 1 0 0 0 0.8 1 0.5 0 0.25 0.75 0.4 1 1 1 0.666667 0.5 0 0 0 0 0 0 0 0 1 0 0 1 1 0 1 0 0.25 > * X]
 -       1      * <0.222222 0 1 0 0 0 0.2 0.75 0.75 0.5 0.75 0 0.4 1 1 0 0.333333 0.5 0 0 0 0 0 0 0 0 1 0 0 1 1 0 1 0 0.5 > * X]
 -       1      * <0.555556 0 0 1 0 0 0.6 0.75 0.5 1 0 0 0 0 0.6 1 0.666667 0.5 0 0 0 0 1 0 0 0 0 0 1 0 0.333333 0 1 0 0.25 > * X]
 -       1      * <0.444444 1 0 0 0 0 0.6 0.5 0 0.25 1 0.75 0.6 0 1 1 0.333333 0.5 0 0 0 0 0 0 0 0 0 1 0 1 1 0 0 1 0.25 > * X]
 +       1      * <0.111111 0 0 0 1 0 0.6 0.25 1 0.5 0 0.75 0 1 1 0.5 0.333333 0.5 1 0 0 0 0 0 0 0 0 0 1 0 0.666667 0 1 0 0.5 > * X]
 +       1      * <0.222222 0 1 0 0 0 1 1 1 0.75 0.75 0.5 0.2 0 1 0.5 0.333333 0.75 1 0 0 0 0 0 0 0 0 0 0 0 0.333333 0 1 0 0.25 > * X]
 -       1      * <0.222222 0 1 0 0 0 0.4 1 0 0.75 0.5 0.25 0.8 1 1 0.5 0.333333 0.75 0 0 0 0 0 0 1 0 0 0 0 1 1 0 1 0 0.5 > * X]
 +       1      * <0.666667 0 1 0 0 0 0.2 0 0 0.25 0.75 1 0.6 0 1 0.5 0.666667 0.5 0 0 0 0 0 0 1 0 0 0 0 1 1 0 0 1 1 > * X]
 +       1      * <0.444444 0 1 0 0 0 0.6 0.5 0.5 0.5 0 0 0 1 1 0.5 0 0.75 0 0 0 0 0 0 0 0 1 0 0 0.5 1 0 0 1 0.75 > * X]
 -       1      * <0.222222 1 0 0 0 0 0.8 0.5 0 1 0.5 0.75 0.4 1 0.6 1 0 0.5 0 0 0 0 0 0 0 0 1 0 1 0 0.666667 1 0 0 0.25 > * X]
 +       1      * <0.222222 0 1 0 0 0 0.8 0 0.25 1 0.75 0.5 0.4 0 1 1 0 0.25 0 0 0 0 0 1 0 0 0 0 0 0 0 0 0 1 0.5 > * X]
 +       1      * <0.555556 1 0 0 0 0 0.8 0 0.25 1 0 0 0.4 1 0.4 0.5 0.333333 0.75 0 0 0 0 0 1 0 0 0 0 0 0 1 0 1 0 0.5 > * X]
 +       1      * <0.333333 0 0 0 1 0 0.6 0 0.75 1 0.25 0.5 0.6 0 0.8 1 0.333333 0.5 1 0 0 0 0 0 0 0 0 0 1 0 0.666667 0 1 0 0.5 > * X]
 -       1      * <0.111111 0 1 0 0 0 0.6 0.5 0 1 0.75 0.5 0.2 1 1 0.5 0.333333 0.75 1 0 0 0 0 0 0 0 0 0 1 0 1 0 1 0 0.75 > * X]
 +       1      * <0.111111 0 1 0 0 0 1 0.5 0.25 0 0 0.25 0.4 1 0.8 0 0.666667 0.75 0 0 0 0 0 0 0 0 1 0 0 0 1 0 0 1 1 > * X]
 +       1      * <0.222222 0 0 1 0 0 1 0.75 0.25 0.75 0.25 1 0.2 1 0.6 0.5 0.666667 1 0 0 0 0 0 0 0 0 0 1 0 0.5 1 0 0 1 1 > * X]
 +       0.6385 * <0.444444 0 0 0 1 0 0.8 1 0.75 0.75 0.5 0.5 0.6 1 0.8 0.5 0.333333 0.75 1 0 0 0 0 0 0 0 0 0 1 0 1 0 0 1 0.75 > * X]
 -       1      * <0.777778 0 1 0 0 0 0.6 1 0.5 0 0 0.75 0.2 1 1 0.5 1 1 0 0 0 0 0 0 0 0 0 1 0 1 0.333333 0 0 1 0.25 > * X]
 -       1      * <0.111111 0 0 0 1 0 0.6 1 0.75 0.75 0.5 1 0.2 1 0.4 1 0.333333 0.5 0 0 0 0 0 0 0 1 0 0 1 1 1 0 0 1 0.75 > * X]
 +       1      * <0.333333 0 1 0 0 0 0.6 1 0.25 0.75 0 0.5 0.2 1 1 0.5 0.333333 0.5 0 0 0 0 0 0 0 0 1 0 0 0 0.666667 1 0 0 0.25 > * X]
 +       1      * <0.444444 0 1 0 0 0 0.8 0.25 0 0.5 1 0.75 0.2 1 1 1 0 0.75 0 0 1 0 0 0 0 0 0 0 0 0.5 1 1 0 0 0 > * X]
 -       1      * <0 0 0 0 1 0 0.4 0 0.25 0.5 0.75 1 0.2 0 1 0.5 0.333333 0.5 0 0 0 0 0 0 0 1 0 0 0 1 1 0 1 0 1 > * X]
 -       1      * <0.666667 0 0 1 0 0 0.4 0.5 0.25 0.75 0.5 1 0.2 0 1 0.5 0.333333 0.25 0 0 0 0 1 0 0 0 0 0 0 0 0 0 1 0 0.5 > * X]
 -       1      * <0.777778 0 1 0 0 0 0.6 1 0.75 0 0.25 0.5 0.2 1 0.6 1 0 0.5 0 0 0 0 0 0 1 0 0 0 0 0 0.333333 1 0 0 0 > * X]
 +       1      * <0.111111 0 0 0 1 0 0.8 1 0.5 0 0.75 0.25 0.6 0 1 1 0.666667 0.5 1 0 0 0 0 0 0 0 0 0 1 0 1 0 0 1 0.75 > * X]
 -       1      * <0.222222 0 1 0 0 0 1 0.25 0 1 0.75 0.5 0.2 1 1 1 0 0.5 0 0 0 0 0 0 1 0 0 0 1 1 1 0 1 0 0.5 > * X]
 -       1      * <0.222222 0 1 0 0 0 1 0 1 0.75 0.25 0.5 0.8 1 1 1 0.333333 0.75 0 0 0 0 0 0 0 0 1 0 0 1 1 0 0 1 0.25 > * X]
 +       1      * <0.222222 0 1 0 0 0 0.6 0 0.75 0.5 0.25 0.25 0.4 0 0.4 1 0.333333 0.75 0 0 0 0 0 1 0 0 0 0 0 0 0.333333 0 0 1 0.25 > * X]
 +       0.0834 * <0.444444 0 0 0 0 1 0.4 0 0.75 0.5 0.75 0.5 0.2 0 1 1 1 0.75 0 0 0 0 0 0 0 0 0 1 0 1 1 0 0 1 0.5 > * X]
 -       1      * <0.222222 0 1 0 0 0 1 0.25 0 1 0.5 0.75 0.2 0 1 1 0.333333 0.75 0 0 0 0 0 0 0 0 1 0 1 0.5 1 1 0 0 1 > * X]
 -       1      * <0 1 0 0 0 0 0.8 0.5 0.75 0 0.25 0.75 0.2 0 1 0.5 0.333333 0.25 0 0 1 0 0 0 0 0 0 0 0 1 1 0 0 1 0.25 > * X]
 +       1      * <0.555556 0 1 0 0 0 0.8 0.25 0.75 0.5 0.5 0 0.2 0 0.6 1 0.333333 0.75 0 0 1 0 0 0 0 0 0 0 1 1 1 0 1 0 0.75 > * X]
 -       1      * <0.111111 0 0 0 1 0 0.4 1 0.5 0 0.25 0.75 0.2 0 0.8 1 0.666667 0.75 0 0 0 0 0 0 0 0 1 0 0 1 0.666667 0 0 1 0.25 > * X]
 +       1      * <0.555556 0 0 0 1 0 0.4 0.25 0.25 1 0.5 1 0.2 0 1 0.5 0.333333 0.75 1 0 0 0 0 0 0 0 0 0 0 0 0.666667 0 0 1 0.25 > * X]
 +       1      * <0.111111 0 1 0 0 0 0.8 0.75 0.25 0 0.5 1 0.4 0 0.8 0.5 0 0.5 0 0 0 0 0 0 0 0 1 0 0 0 1 1 0 0 0.75 > * X]
 +       1      * <0.777778 0 1 0 0 0 0.8 0.75 0.25 0 0.5 1 0.6 1 1 1 1 0.75 0 0 1 0 0 0 0 0 0 0 0 0 1 0 1 0 0.75 > * X]
 -       1      * <0.777778 0 0 1 0 0 0.8 1 0 0.75 0.5 0.25 0.6 0 1 0.5 0 0.75 0 0 0 0 1 0 0 0 0 0 0 0 1 0 0 1 0.25 > * X]
 +       0.3621 * <0.444444 0 0 0 1 0 1 1 1 1 0.25 0.5 0.2 0 1 0.5 0.333333 0.75 1 0 0 0 0 0 0 0 0 0 0 0 1 0 0 1 0.75 > * X]
 -       1      * <0.111111 0 0 0 1 0 0.8 0.5 0.25 0.25 0.5 0.5 0.6 0 1 1 0.333333 0.75 0 0 0 0 0 0 0 0 1 0 0 0 1 0 0 1 1 > * X]
 +       1      * <0.666667 0 1 0 0 0 0.8 0.5 1 0.75 0.75 0.25 0.4 1 0.8 1 0 0.5 0 0 0 0 0 0 1 0 0 0 1 0 1 0 0 1 0.75 > * X]
 -       1      * <0.333333 0 0 0 1 0 0.8 0.75 0.25 0 0.5 1 0.2 1 1 0.5 0.333333 1 1 0 0 0 0 0 0 0 0 0 0 0.5 1 0 1 0 0.75 > * X]
 +       1      * <0.444444 0 1 0 0 0 0.8 0 0.5 0.75 0.5 0.5 0.2 0 1 1 0.666667 0.5 0 0 0 0 0 0 0 0 1 0 0 1 1 0 0 1 0.75 > * X]
 +       0.0253 * <0.555556 0 1 0 0 0 0.6 0.5 0.75 0.5 0 0 0.4 0 0.6 0.5 0.666667 0.5 0 0 1 0 0 0 0 0 0 0 0 0.5 1 0 0 1 0.5 > * X]
 -       1      * <0.333333 0 1 0 0 0 0.8 0 0.25 0.5 0.75 1 0.8 0 0.6 1 1 0.5 1 0 0 0 0 0 0 0 0 0 0 1 1 0 1 0 1 > * X]
 -       1      * <0.222222 0 1 0 0 0 0.6 0.5 0.5 0.5 0.75 0.75 0.2 0 0.4 0.5 0 0.25 0 0 0 0 0 1 0 0 0 0 0 0.5 1 0 1 0 1 > * X]
 +       1      * <0.333333 0 1 0 0 0 0.2 0 0.5 0.5 0.25 0.5 0.4 1 1 0.5 0.333333 0 0 0 0 0 0 0 0 0 1 0 0 0.5 1 1 0 0 0.5 > * X]
 -       1      * <0.444444 0 1 0 0 0 0.8 0.75 0 0.25 0.25 1 0.4 0 0.4 0 0 0 1 0 0 0 0 0 0 0 0 0 0 0 0.666667 0 1 0 0.75 > * X]
 +       1      * <0.777778 0 0 0 1 0 1 0.75 0 1 0.25 0.5 0.4 0 1 1 0.666667 0.5 1 0 0 0 0 0 0 0 0 0 1 0 0.666667 0 0 1 0.25 > * X]
 +       1      * <0.222222 0 1 0 0 0 0.8 0.75 0.75 0.75 0 0 0.4 0 0.8 0 0 0.75 0 0 0 0 0 0 0 1 0 0 1 1 0.666667 0 1 0 1 > * X]
 -       1      * <0.333333 0 1 0 0 0 0.8 0.75 1 0.75 0.25 0.5 0.6 0 1 1 0.333333 0.75 0 0 0 0 0 0 0 0 1 0 0 1 1 0 0 1 0.75 > * X]
 -       1      * <0.111111 0 0 0 1 0 0 0.25 0.25 0.25 0.5 1 0.4 1 1 1 0.333333 0.5 0 0 0 0 0 0 0 0 1 0 0 0.5 1 0 1 0 0.75 > * X]
 +       1      * <0.444444 0 0 0 1 0 0.8 0.75 0.75 0.75 0 0 0.8 0 0.6 0.5 0.333333 0.75 1 0 0 0 0 0 0 0 0 0 1 0 1 0 1 0 0.5 > * X]
 -       1      * <0.777778 0 1 0 0 0 0.6 0.25 0.75 0.5 0.5 0 0.4 1 1 0.5 0 0.25 0 0 0 0 0 0 0 0 0 1 0 0 0.333333 0 1 0 0.25 > * X]
 +       1      * <0.222222 0 1 0 0 0 0.4 0.75 0.25 1 0.5 0 0.4 1 0.6 0.5 0.333333 1 0 0 0 0 0 0 1 0 0 0 0 0 0.666667 0 1 0 0.25 > * X]
 -       1      * <0.333333 0 0 1 0 0 0.6 1 0.25 0.75 0 0.5 0 1 1 0 0 0.25 0 0 0 0 1 0 0 0 0 0 0 0 0 1 0 0 0.25 > * X]
 +       1      * <0.222222 0 1 0 0 0 0.6 0 0.25 0.75 1 0.5 0.2 1 1 1 0.666667 0.5 0 0 0 0 0 0 0 0 1 0 0 0.5 1 0 0 1 0.75 > * X]
 -       1      * <0 1 0 0 0 0 0.6 0 0 0 0.25 0.25 0.8 0 0.8 1 0.333333 0.5 0 0 0 0 0 0 0 0 1 0 0 0.5 0.666667 0 0 1 0.75 > * X]
 -       1      * <0.666667 0 1 0 0 0 0.6 0.75 0 0.5 0.75 0.75 0.4 1 0.8 0.5 0.333333 0.25 1 0 0 0 0 0 0 0 0 0 1 0.5 1 0 0 1 1 > * X]
 +       0.116  * <0.222222 0 1 0 0 0 0.8 0.25 0.75 0.5 0.25 0 0.2 0 1 1 0.333333 0.75 0 0 0 0 0 0 0 0 1 0 0 1 1 0 0 1 0.75 > * X]
 +       1      * <0.333333 0 0 0 1 0 0.8 0 1 0.25 0.5 0.75 0.2 1 1 1 0.333333 0.25 0 0 1 0 0 0 0 0 0 0 0 1 1 0 0 1 0.5 > * X]
 +       1      * <0.111111 0 1 0 0 0 0.4 0 0 0.5 0 0.25 0.2 0 1 1 0.666667 0.75 0 0 0 0 1 0 0 0 0 0 0 1 0.666667 1 0 0 0.5 > * X]
 -       1      * <0.666667 0 1 0 0 0 1 0.25 0.5 1 0 0.75 0.6 1 1 1 0.666667 0.75 0 0 0 0 0 0 1 0 0 0 1 0 1 0 0 1 1 > * X]
 +       1      * <0.444444 0 0 1 0 0 0.6 0.75 0.5 1 0 0.25 0.2 1 1 1 1 0.75 0 0 0 0 1 0 0 0 0 0 1 0 0 1 0 0 0 > * X]
 +       1      * <0.666667 0 1 0 0 0 1 0.75 0 0.25 0 0.25 0.6 0 0.4 1 0.333333 0.75 0 0 0 0 0 0 0 0 1 0 0 0 1 0 0 1 0.75 > * X]
 +       1      * <0.444444 0 0 0 0 1 0.4 0.75 0 1 0 0.25 0.4 0 1 0.5 1 1 0 0 0 0 1 0 0 0 0 0 0 0 0.666667 0 0 1 0.25 > * X]
 +       1      * <0.555556 0 0 0 1 0 0.6 0 0.75 1 0.25 0.5 0.4 0 1 0.5 0.333333 0.25 1 0 0 0 0 0 0 0 0 0 1 0 1 0 0 1 0.25 > * X]
 -       1      * <0.777778 0 1 0 0 0 0 0 0.5 1 0.75 0.5 0 0 1 0.5 0 0.25 0 0 0 0 0 0 0 0 1 0 0 1 1 0 0 1 1 > * X]
 -       1      * <0.333333 0 0 1 0 0 0.6 0.75 0 0 1 0.25 0.2 0 1 1 0.333333 1 0 1 0 0 0 0 0 0 0 0 1 0 1 0 1 0 0.75 > * X]
 -       1      * <0.222222 0 1 0 0 0 0.8 0.25 0.75 1 0.5 0 0.8 0 0.8 0.5 0.333333 0.75 0 0 0 0 0 0 0 0 1 0 1 0.5 1 0 0 1 0.75 > * X]
 -       1      * <0.444444 0 1 0 0 0 0 0.25 0.25 0.25 0.5 1 0.2 0 1 1 0.333333 0.75 0 0 0 0 0 0 0 0 1 0 0 0 1 0 0 1 0.75 > * X]
 -       1      * <0.444444 0 1 0 0 0 0 0 0.25 0.75 0.75 1 0.2 1 1 1 0.333333 0.25 0 0 0 0 0 0 0 0 1 0 0 1 1 0 0 1 0.75 > * X]
 -       1      * <0.555556 0 1 0 0 0 0.2 0 0 0.5 0.25 0.5 0 0 1 0.5 0 0.5 0 0 0 0 0 1 0 0 0 0 0 0 0 0 1 0 0 > * X]
 -       1      * <0.444444 0 1 0 0 0 0.6 0.75 1 1 0.75 0.75 0.2 1 1 0 0.666667 0.5 0 0 0 0 0 0 0 0 1 0 0 1 1 0 1 0 0.75 > * X]
 +       1      * <0.111111 0 1 0 0 0 0.6 0 0.5 0.75 0.25 1 0 0 1 1 0.666667 0.5 0 0 0 0 0 0 0 0 1 0 0 0.5 1 0 1 0 0.75 > * X]
 -       1      * <0.777778 0 1 0 0 0 0.6 0.25 0.5 1 0 0 0.2 1 1 0.5 0.333333 0 0 0 0 0 0 0 0 0 1 0 0 0 0.666667 1 0 0 0.25 > * X]
 +       1      * <0.222222 0 1 0 0 0 1 1 0.5 0.75 0.25 0 0.4 0 1 0.5 0.333333 0.75 0 0 0 0 0 0 0 0 1 0 0 0.5 0.666667 0 1 0 0.75 > * X]
 -       1      * <0.111111 0 1 0 0 0 0.8 0.75 0 0.5 0.25 1 0.2 0 1 0.5 1 0.75 0 0 0 0 0 0 0 0 1 0 0 1 1 0 0 1 0.75 > * X]
 +       1      * <0 1 0 0 0 0 0.4 0 0.75 0.25 1 0.5 0.6 0 0.6 0 0 0.75 0 0 0 0 0 0 0 0 0 1 0 0.5 1 0 0 1 0.75 > * X]
 +       1      * <0.444444 0 1 0 0 0 0 0.75 0.75 0.5 0.25 0.5 1 0 1 1 0 0.5 0 0 0 0 0 0 1 0 0 0 1 0 1 0 1 0 1 > * X]
 +       0.0142 * <0.111111 0 1 0 0 0 0.8 1 0.25 0.75 1 0.5 0.2 1 1 0.5 0 0.75 0 0 1 0 0 0 0 0 0 0 0 0 1 0 0 1 0.5 > * X]
 -       1      * <0.444444 0 1 0 0 0 0.6 0 0.5 0.75 0 0.25 0.2 1 0.8 1 0.333333 0.25 0 0 0 0 0 0 0 0 1 0 0 0.5 0.333333 1 0 0 0.25 > * X]
 +       1      * <0.333333 0 0 1 0 0 0.4 0.75 0.5 0.75 0.75 0.75 0.2 1 0.4 0.5 0.333333 0.5 0 0 0 0 1 0 0 0 0 0 1 0 0.666667 1 0 0 0.75 > * X]
 +       1      * <0.555556 0 0 0 1 0 0.6 0 0.75 1 0.25 0.5 0.4 0 1 0.5 0.333333 0.25 1 0 0 0 0 0 0 0 0 0 1 0 1 0 0 1 0.25 > * X]
 +       1      * <0.555556 0 1 0 0 0 0.8 0.25 0.5 0.75 0.5 0 0.4 1 1 1 0 0.25 0 0 0 0 0 1 0 0 0 0 0 0 0 0 1 0 0 > * X]
 -       1      * <0.222222 0 1 0 0 0 0.6 0.75 0 0.5 0.5 0.25 0.2 0 1 0 0.666667 0.75 0 0 1 0 0 0 0 0 0 0 0 0 0.333333 1 0 0 0.25 > * X]
 +       1      * <0.111111 0 1 0 0 0 0.8 1 0.25 0 0.75 0.5 0.4 0 1 0.5 0.333333 0.5 0 0 0 0 0 0 0 0 1 0 0 0 0.666667 1 0 0 0.75 > * X]
 +       1      * <0.444444 0 1 0 0 0 0.8 1 0.5 0.25 1 0.75 0.2 0 1 1 1 0.75 0 0 0 0 1 0 0 0 0 0 0 0 1 0 0 1 0.75 > * X]
 +       1      * <0 1 0 0 0 0 0.6 0.25 0.5 0.75 1 1 0.4 1 1 0.5 0.333333 0.5 0 1 0 0 0 0 0 0 0 0 1 0.5 1 0 0 1 0.75 > * X]
 +       1      * <0.444444 0 0 0 1 0 0.8 0.25 0 0.5 0.5 0 0.6 0 1 1 0 0.25 1 0 0 0 0 0 0 0 0 0 0 0.5 0 1 0 0 0 > * X]
 +       1      * <0.333333 0 0 0 1 0 0.6 0.5 1 0 0.25 0.75 0.4 1 1 0.5 0.333333 0.25 1 0 0 0 0 0 0 0 0 0 0 0 1 0 1 0 0.75 > * X]
 -       1      * <0.222222 0 0 0 1 0 1 1 0.5 0.75 0 0.25 0.4 0 0.8 0 0 0.5 0 0 0 0 0 0 0 0 1 0 0 1 0.666667 0 0 1 0.25 > * X]
 +       1      * <0.333333 0 1 0 0 0 1 0.75 0.75 0.25 0.25 0.5 0.8 0 0.6 0.5 0.333333 0.5 1 0 0 0 0 0 0 0 0 0 0 1 1 0 1 0 0.75 > * X]
 -       1      * <0.333333 0 1 0 0 0 0.8 0.75 0.75 1 0 1 0.4 0 0.4 1 0.333333 0.25 0 0 0 0 1 0 0 0 0 0 0 1 1 0 0 1 0.75 > * X]
 -       1      * <0.111111 0 0 0 1 0 0.8 0.25 0.75 0.5 0.5 0 0.4 1 1 1 0 0.5 1 0 0 0 0 0 0 0 0 0 1 0 0.666667 0 0 1 0.25 > * X]
 +       1      * <0.222222 0 1 0 0 0 0.6 0.25 0.75 0.5 0.5 0.75 0.2 0 1 1 0.333333 0.5 0 0 0 1 0 0 0 0 0 0 0 0 1 0 0 1 0.5 > * X]
 -       1      * <0.555556 0 0 0 1 0 1 0.25 1 0.5 0.75 0 0.2 0 1 0.5 0.333333 0.5 1 0 0 0 0 0 0 0 0 0 0 0 1 0 1 0 0 > * X]
 +       1      * <0.111111 0 1 0 0 0 1 0.75 0.5 1 0.25 0 0.2 0 1 1 0.333333 0.5 0 1 0 0 0 0 0 0 0 0 1 1 0.666667 0 1 0 0.5 > * X]
 -       1      * <0.222222 0 1 0 0 0 0.8 1 0.75 0 0.5 0.25 0.2 0 0.8 0.5 0.333333 0.5 0 1 0 0 0 0 0 0 0 0 1 0 1 1 0 0 1 > * X]
 -       1      * <0.222222 0 1 0 0 0 0.8 0.5 0.25 0 1 0.75 0.4 1 1 0.5 0 0.5 0 0 0 0 0 0 1 0 0 0 0 0 1 0 1 0 0.75 > * X]
 +       1      * <0.555556 0 0 0 1 0 0.6 0 0.75 1 0.25 0.5 0.4 0 1 0.5 0.333333 0.25 1 0 0 0 0 0 0 0 0 0 1 0 1 0 0 1 0.25 > * X]
 -       1      * <0.111111 0 0 0 1 0 0.8 1 0.5 0 0.5 0.75 0.4 0 1 0.5 1 1 1 0 0 0 0 0 0 0 0 0 1 0 1 0 0 1 0.75 > * X]
 +       1      * <0.333333 0 1 0 0 0 0.8 0.5 0.75 0.5 1 1 0.2 1 0.4 1 0.333333 0.5 0 1 0 0 0 0 0 0 0 0 0 0 0.666667 0 0 1 0.75 > * X]
 +       1      * <0.333333 0 1 0 0 0 0.6 0.75 0.25 0 1 0.5 0.2 0 0.8 0 1 0.75 0 0 0 0 0 0 0 0 1 0 0 0 1 1 0 0 1 > * X]
 -       1      * <0 0 1 0 0 0 0.6 0.25 0.5 0.75 0.75 0.25 0.6 1 1 1 0.333333 0.5 0 0 0 0 0 0 0 0 1 0 1 1 1 1 0 0 0.5 > * X]
 -       1      * <0.111111 0 1 0 0 0 0.6 0.25 0.25 0.5 0.5 0 0.2 0 0.8 0.5 0.333333 0.75 0 0 1 0 0 0 0 0 0 0 0 0 0.333333 0 0 1 0.5 > * X]
 -       1      * <0.333333 0 1 0 0 0 0.6 0 0.25 1 0.5 0.75 0.2 0 1 1 0.666667 0.75 0 1 0 0 0 0 0 0 0 0 0 0 0.333333 1 0 0 0.25 > * X]
 -       1      * <0.222222 0 1 0 0 0 0.8 0.5 0.75 0.25 0.75 1 0.4 1 0.6 1 1 0.5 0 0 0 0 0 0 0 0 1 0 0 1 1 0 0 1 1 > * X]
 -       1      * <0.222222 0 0 0 1 0 0.4 0 0 0.5 0.25 1 0.2 0 1 1 0.666667 0.75 1 0 0 0 0 0 0 0 0 0 0 0 1 1 0 0 0.75 > * X]
 -       1      * <0.555556 0 0 1 0 0 0.6 0 0.25 0.5 0 0.75 0.2 1 1 0.5 0.333333 0.25 0 0 0 0 1 0 0 0 0 0 0 0 0.666667 1 0 0 0.5 > * X]
 +       1      * <0.222222 0 1 0 0 0 0.8 0 0.5 0.5 0.25 0.5 0.2 0 0.6 0.5 0.333333 0.5 0 0 0 0 0 0 0 0 1 0 1 0.5 1 0 0 1 0.75 > * X]
 -       1      * <0.111111 0 0 0 1 0 0.8 0.75 1 0.25 0.5 0.5 0.2 0 0.6 1 0.333333 0.5 1 0 0 0 0 0 0 0 0 0 1 0 0.666667 0 1 0 0.5 > * X]
 -       1      * <0.777778 0 0 0 1 0 1 0 0.25 0.75 0 0.5 0 1 1 1 0.333333 0.5 1 0 0 0 0 0 0 0 0 0 1 0 0 0 1 0 0.25 > * X]
 +       1      * <0.111111 0 1 0 0 0 1 0.75 1 0.75 0 0.25 0.2 0 1 0.5 0.333333 0.75 1 0 0 0 0 0 0 0 0 0 0 1 0.333333 0 0 1 0 > * X]
 -       1      * <0.222222 1 0 0 0 0 0.4 0.25 0.25 0.75 0.25 0.5 0.4 0 0.6 0 0.333333 0.25 0 0 0 0 0 0 0 0 1 0 0 0.5 0.666667 0 1 0 0.5 > * X]
 +       1      * <0.222222 0 1 0 0 0 0.4 0.75 0 0.5 0.5 0.25 0.2 0 0.4 0.5 0 0.5 0 0 0 0 0 0 0 0 0 1 0 0.5 0.666667 1 0 0 0.5 > * X]
 +       1      * <0.333333 0 1 0 0 0 1 1 0.75 0.25 0 0.5 0.2 0 1 0.5 0.333333 0.5 0 0 0 0 0 0 0 0 1 0 0 0 0.666667 0 1 0 0.5 > * X]
 -       1      * <0.111111 0 0 0 1 0 0.6 0.5 0.25 1 0 0 0 0 1 0.5 0.666667 0.5 1 0 0 0 0 0 0 0 0 0 1 0 0.333333 0 1 0 0.25 > * X]
 +       1      * <0.222222 0 1 0 0 0 1 1 0.75 0 0 0.5 0.2 1 1 1 0.333333 0.5 0 0 1 0 0 0 0 0 0 0 0 0.5 1 0 1 0 1 > * X]
 -       1      * <0.111111 1 0 0 0 0 0.6 0.75 0.5 0.75 0.75 0.75 0.2 0 0.6 1 0.333333 0.5 1 0 0 0 0 0 0 0 0 0 0 1 1 0 0 1 0.75 > * X]
 +       1      * <0.222222 0 0 0 1 0 0.6 0 0.75 0.5 0.25 1 0.6 1 0.8 0.5 0.666667 0.5 1 0 0 0 0 0 0 0 0 0 1 0 0.666667 1 0 0 0.5 > * X]
 -       1      * <0.333333 0 0 1 0 0 0.6 0.25 0.5 0.5 0.5 0 0.4 1 1 0.5 0 0.5 0 0 0 0 0 1 0 0 0 0 0 0 0.333333 0 0 1 0.5 > * X]
 +       0.0073 * <0.333333 0 1 0 0 0 0.8 1 0.75 0.25 0 0.5 0.6 1 1 1 0.666667 0.25 1 0 0 0 0 0 0 0 0 0 0 0.5 1 0 0 1 0.5 > * X]
 -       1      * <0.333333 0 1 0 0 0 0.6 0.25 0.75 0.25 0 0 0.2 0 1 1 0.333333 0.5 0 0 0 0 0 1 0 0 0 0 0 0 0.333333 0 1 0 1 > * X]
 +       1      * <0.333333 1 0 0 0 0 0 0.25 0.25 0.5 0 0.25 0.2 0 1 1 0.666667 0.75 0 0 0 0 0 0 0 0 1 0 0 1 1 0 0 1 1 > * X]
 -       1      * <0.111111 0 0 1 0 0 0.2 1 0.75 0.25 0.25 0.5 0.4 1 1 0.5 0 0.5 0 0 0 0 0 0 0 0 0 1 0 0 1 1 0 0 0.75 > * X]
 -       1      * <0.777778 1 0 0 0 0 0.8 0.25 0 0.5 0.75 1 0.2 1 1 1 0.333333 0.5 0 1 0 0 0 0 0 0 0 0 1 1 1 0 1 0 0.5 > * X]
 -       1      * <0.222222 0 0 0 1 0 0.8 0.5 0.75 0.25 0 1 0.6 1 1 0.5 0.666667 0.25 1 0 0 0 0 0 0 0 0 0 0 0.5 1 0 1 0 0.75 > * X]
 +       1      * <0.444444 0 0 1 0 0 0.6 0.25 0.75 0.75 0.25 0 0.2 1 1 1 0 0.5 0 0 0 0 0 0 0 0 0 1 0 1 1 0 0 1 0.75 > * X]
 +       1      * <0.222222 1 0 0 0 0 0.8 1 0.75 0 0.5 1 0.8 1 1 0 0.666667 0.75 0 0 0 0 0 0 0 0 0 1 0 1 1 0 0 1 0.75 > * X]
 -       1      * <0.111111 0 0 0 1 0 0.8 0.5 0.25 0.5 0 0 0.2 0 1 0.5 0.333333 0.75 1 0 0 0 0 0 0 0 0 0 0 0 0.666667 0 1 0 0.25 > * X]
 -       1      * <0.444444 0 1 0 0 0 0.4 0 1 0.5 0 0.25 0.2 1 1 1 1 0.5 0 0 1 0 0 0 0 0 0 0 0 0 0 1 0 0 0 > * X]
 -       1      * <0.333333 0 1 0 0 0 1 1 0.5 0.25 0 0 0.2 1 1 0 0.333333 0.25 0 0 0 0 0 0 0 0 1 0 0 0 0.333333 1 0 0 0.25 > * X]
 +       1      * <0.666667 0 1 0 0 0 0.6 1 0 0.75 0.25 0.5 0.2 1 0.4 1 0.666667 0.75 0 0 1 0 0 0 0 0 0 0 1 0 1 0 0 1 0.5 > * X]
 +       0.7536 * <0.222222 0 1 0 0 0 0.8 0.5 0.75 0.5 0.5 0.5 0.2 1 1 1 0.666667 0.75 0 0 0 0 0 0 0 0 1 0 0 1 1 0 0 1 0.75 > * X]
 +       1      * <0.444444 0 1 0 0 0 0.8 0.75 0.5 1 0.25 0 0.6 1 1 1 1 0.5 0 0 0 0 0 0 0 0 1 0 1 0.5 1 0 1 0 0.75 > * X]
 +       1      * <0.222222 0 1 0 0 0 0.6 1 0.5 0 0.75 0.25 0.6 1 1 1 0.666667 1 0 0 0 0 0 0 0 0 1 0 0 1 1 0 0 1 0.5 > * X]
 +       0.7635 * <0.111111 0 1 0 0 0 0.8 0.75 0.5 0.75 0.5 1 0.2 1 0.8 1 0.666667 0.75 0 0 0 0 0 0 0 0 0 1 1 1 1 0 0 1 1 > * X]
 +       0.2037 * <0.555556 0 1 0 0 0 0.8 1 0.5 0.25 0 0.75 0.6 1 1 1 0.333333 0.75 0 0 0 0 0 0 0 0 1 0 0 0 1 0 1 0 0.5 > * X]
 +       1      * <0.222222 1 0 0 0 0 0.4 0.5 0.75 1 0.25 0 0.2 0 0.8 0.5 0 0.25 0 0 0 0 0 0 0 0 1 0 1 0 0.666667 0 0 1 0.75 > * X]
 -       1      * <0.333333 0 0 0 1 0 1 0 0.25 0.5 0.5 0.5 0.6 0 0.6 0.5 0.333333 0.5 0 0 0 0 0 0 0 0 0 1 0 0 1 0 0 1 0.75 > * X]
 +       1      * <0.222222 0 1 0 0 0 0.6 1 0 0.5 0.25 0.75 0.4 1 1 0.5 0.333333 0.5 0 0 1 0 0 0 0 0 0 0 0 0.5 1 0 0 1 0.75 > * X]
 +       1      * <0.111111 0 0 1 0 0 1 0.75 0.25 0.5 0 1 0.4 1 1 1 0.666667 0.75 0 0 0 0 1 0 0 0 0 0 1 0.5 1 0 0 1 0.75 > * X]
 +       1      * <0.111111 0 1 0 0 0 0.8 0.25 0.75 0 0 0.5 0 0 1 0 0.333333 0 0 0 0 0 0 1 0 0 0 0 0 0 0.666667 0 1 0 0.5 > * X]
 -       1      * <0.666667 0 1 0 0 0 0.8 0.25 0.5 0.5 0 0.5 0.2 0 1 0 0 0.25 0 0 0 0 1 0 0 0 0 0 1 0 0.666667 0 0 1 0.5 > * X]
 +       1      * <0.555556 0 1 0 0 0 0.2 0 0.25 0 0.5 0.25 0.4 0 0.4 0 0 0 0 0 0 0 0 0 0 0 1 0 0 0.5 1 1 0 0 1 > * X]
 -       1      * <0.444444 0 1 0 0 0 0.8 0.75 0.25 0.25 0.25 1 0.6 0 0.6 0.5 0.333333 1 0 0 0 0 0 0 0 0 1 0 1 0 1 0 0 1 1 > * X]
 +       1      * <0.333333 0 1 0 0 0 0.6 0.5 1 0 0.75 1 0.4 1 1 0.5 0 0.5 0 0 0 1 0 0 0 0 0 0 0 0.5 1 1 0 0 1 > * X]
 +       1      * <0.333333 0 0 0 1 0 0.8 0 0.75 0.5 0 0.25 0.4 0 1 1 1 0.25 0 0 0 0 0 0 1 0 0 0 1 0 1 0 0 1 1 > * X]
 -       1      * <0.222222 0 1 0 0 0 0.4 0.25 0 0.5 0.5 0.75 0.2 1 0.6 0 0.333333 0.5 0 0 1 0 0 0 0 0 0 0 0 0 0.666667 0 0 1 0.5 > * X]
 +       0.8084

Number of support vectors: 245

Number of kernel evaluations: 46432 (91.675% cached)

Calibration model fit to the output:
Logistic Regression with ridge parameter of 1.0E-8
Coefficients...
                Class
Variable      Neutral
=====================
pred         -11.1012
Intercept      9.8985


Odds Ratios...
                Class
Variable      Neutral
=====================
pred                0


Classifier for classes: Neutral, Very Satisfied

BinarySMO

      1      * <0.555556 0 0 0 1 0 0.8 1 0.75 1 0.25 0 0.8 0 0.6 1 0 0.75 0 0 0 0 0 0 0 0 1 0 0 0 1 0 1 0 0.75 > * X]
 -       1      * <0.777778 0 1 0 0 0 0.6 0 0.75 1 0.5 0.5 0.4 1 0.8 0 0.333333 0.75 0 0 0 1 0 0 0 0 0 0 0 0 0 1 0 0 0 > * X]
 -       1      * <0.111111 0 0 0 1 0 0.8 0.5 0.25 0.25 0.5 0.5 0.6 0 1 1 0.333333 0.75 0 0 0 0 0 0 0 0 1 0 0 0 1 0 0 1 1 > * X]
 -       1      * <0.777778 0 1 0 0 0 0.6 0.25 0.75 0.5 0.5 0 0.4 1 1 0.5 0 0.25 0 0 0 0 0 0 0 0 0 1 0 0 0.333333 0 1 0 0.25 > * X]
 -       1      * <0.555556 0 0 1 0 0 0.6 0 0.25 0.5 0 0.75 0.2 1 1 0.5 0.333333 0.25 0 0 0 0 1 0 0 0 0 0 0 0 0.666667 1 0 0 0.5 > * X]
 -       1      * <0.111111 0 0 1 0 0 0.4 0.75 1 0.5 0 0 0 1 1 0 0 0.25 0 0 0 0 0 1 0 0 0 0 0 0 0.666667 0 0 1 0.75 > * X]
 -       1      * <0.444444 0 1 0 0 0 0 0 0.25 0.75 0.75 1 0.2 1 1 1 0.333333 0.25 0 0 0 0 0 0 0 0 1 0 0 1 1 0 0 1 0.75 > * X]
 -       1      * <0.555556 0 0 1 0 0 0.6 0.75 0.5 1 0 0 0 0 0.6 1 0.666667 0.5 0 0 0 0 1 0 0 0 0 0 1 0 0.333333 0 1 0 0.25 > * X]
 -       1      * <0.222222 0 1 0 0 0 0.8 0 0.5 1 0.75 0.25 1 0 1 0.5 0.666667 0.75 0 1 0 0 0 0 0 0 0 0 0 0.5 1 0 0 1 1 > * X]
 +       1      * <0.666667 0 1 0 0 0 0 0 0 0 0 0.75 0 0 1 0 0 0.25 0 0 0 0 0 1 0 0 0 0 0 0 0 0 0 1 0 > * X]
 -       1      * <0.111111 0 1 0 0 0 0.4 1 0.5 0.75 0 0.25 0 0 1 0 0.333333 0.5 0 0 0 0 0 0 0 0 1 0 0 0 1 1 0 0 0.25 > * X]
 -       1      * <0.222222 0 0 0 1 0 0.8 0.5 0.75 0.25 0 1 0.6 1 1 0.5 0.666667 0.25 1 0 0 0 0 0 0 0 0 0 0 0.5 1 0 1 0 0.75 > * X]
 +       1      * <0.222222 0 1 0 0 0 0.8 0.5 0 0.25 0.5 0.5 0.2 0 1 1 1 1 1 0 0 0 0 0 0 0 0 0 0 0.5 0.333333 0 0 1 0.5 > * X]
 -       1      * <0.333333 0 0 1 0 0 0.6 0.75 0 0 1 0.25 0.2 0 1 1 0.333333 1 0 1 0 0 0 0 0 0 0 0 1 0 1 0 1 0 0.75 > * X]
 +       1      * <0.111111 0 1 0 0 0 0 0 0 0.5 0.5 0 0.6 1 1 0.5 0 0.5 1 0 0 0 0 0 0 0 0 0 0 0.5 1 0 0 1 0.75 > * X]
 -       1      * <0.111111 1 0 0 0 0 0.8 1 0 0.25 0.75 0.5 0.2 0 0.6 0.5 0 0.25 0 0 0 0 0 0 0 0 0 1 0 1 0.666667 1 0 0 1 > * X]
 +       1      * <0.333333 0 1 0 0 0 0.8 0.5 0.75 0.75 1 0.25 0.2 0 0 0.5 1 0.75 0 0 0 0 0 0 0 0 1 0 0 1 1 0 0 1 0.5 > * X]
 +       0.0567 * <0.444444 0 1 0 0 0 0.8 0.25 1 0.75 0.25 0.25 0.4 1 1 0.5 0.333333 0.75 1 0 0 0 0 0 0 0 0 0 0 0 1 0 0 1 0.75 > * X]
 +       1      * <0.555556 0 0 0 1 0 1 0.5 0 0.25 0.5 0 0.2 0 1 1 0.666667 0.75 1 0 0 0 0 0 0 0 0 0 0 0.5 1 0 0 1 0.75 > * X]
 +       1      * <0.111111 0 1 0 0 0 1 1 0.75 0.25 0 0.5 0.2 1 0.8 0 0.333333 0.5 0 0 0 0 0 0 0 0 1 0 0 0 1 1 0 0 0.5 > * X]
 +       1      * <0.111111 0 0 0 1 0 0.6 0 0.75 0.25 1 0.5 0.8 1 1 0.5 0.333333 0.5 0 0 1 0 0 0 0 0 0 0 0 0 1 0 0 1 0.25 > * X]
 -       1      * <0.333333 0 1 0 0 0 0.6 0.25 0.75 0.25 0 0 0.2 0 1 1 0.333333 0.5 0 0 0 0 0 1 0 0 0 0 0 0 0.333333 0 1 0 1 > * X]
 -       1      * <0.333333 0 1 0 0 0 0.8 0.75 1 0.75 0.25 0.5 0.6 0 1 1 0.333333 0.75 0 0 0 0 0 0 0 0 1 0 0 1 1 0 0 1 0.75 > * X]
 +       1      * <0.222222 0 1 0 0 0 0.8 0.5 0.25 1 0.75 0 0.2 1 1 1 1 1 0 0 0 0 0 0 0 0 1 0 0 0 1 0 1 0 0.75 > * X]
 -       1      * <0.111111 0 0 0 1 0 0.8 0.25 0.75 0.5 0.5 0 0.4 1 1 1 0 0.5 1 0 0 0 0 0 0 0 0 0 1 0 0.666667 0 0 1 0.25 > * X]
 -       1      * <0.111111 0 1 0 0 0 0.4 0 0.25 0.75 0.25 0.5 0.2 0 1 1 0.666667 0.75 0 0 0 0 0 0 0 0 1 0 0 0 0.666667 1 0 0 0.25 > * X]
 -       1      * <0.666667 0 1 0 0 0 0.8 0.25 0.5 0.5 0 0.5 0.2 0 1 0 0 0.25 0 0 0 0 1 0 0 0 0 0 1 0 0.666667 0 0 1 0.5 > * X]
 -       1      * <0.222222 0 1 0 0 0 1 0.25 0 1 0.5 0.75 0.2 0 1 1 0.333333 0.75 0 0 0 0 0 0 0 0 1 0 1 0.5 1 1 0 0 1 > * X]
 +       1      * <0.111111 0 1 0 0 0 0.8 1 1 1 0.5 0.5 0.2 1 1 0.5 0.333333 0.5 1 0 0 0 0 0 0 0 0 0 0 0.5 1 0 1 0 0.5 > * X]
 -       1      * <0.111111 0 0 0 1 0 0.6 1 0.75 0.75 0.5 1 0.2 1 0.4 1 0.333333 0.5 0 0 0 0 0 0 0 1 0 0 1 1 1 0 0 1 0.75 > * X]
 -       1      * <0.111111 0 0 0 1 0 0.8 0.75 1 0.25 0.5 0.5 0.2 0 0.6 1 0.333333 0.5 1 0 0 0 0 0 0 0 0 0 1 0 0.666667 0 1 0 0.5 > * X]
 -       1      * <0.444444 1 0 0 0 0 0.4 0.75 0 0.25 1 0.5 0.2 0 1 0.5 0.333333 0.5 0 0 0 0 0 0 0 0 1 0 0 1 1 0 0 1 0.75 > * X]
 +       1      * <0.111111 0 1 0 0 0 0.4 1 1 0.25 0.5 0 0.4 0 1 0 0.333333 0.25 0 0 0 0 0 0 0 0 1 0 0 0 1 0 1 0 0.75 > * X]
 +       1      * <0.111111 0 1 0 0 0 0.6 1 0.75 0 0.25 1 0.4 1 0.2 0.5 0.333333 0.25 1 0 0 0 0 0 0 0 0 0 0 1 0.666667 1 0 0 0.5 > * X]
 +       1      * <0.333333 0 0 0 1 0 0 0.75 0.25 0.75 0.5 0 0.2 1 1 1 0.333333 0.5 1 0 0 0 0 0 0 0 0 0 0 1 1 1 0 0 0.5 > * X]
 +       1      * <0.111111 0 1 0 0 0 0.2 0.5 0 0 0.75 0 0.6 1 1 0.5 0 0.75 0 1 0 0 0 0 0 0 0 0 0 0.5 1 1 0 0 1 > * X]
 -       1      * <0.222222 1 0 0 0 0 0.4 0.25 0.25 0.75 0.25 0.5 0.4 0 0.6 0 0.333333 0.25 0 0 0 0 0 0 0 0 1 0 0 0.5 0.666667 0 1 0 0.5 > * X]
 +       1      * <0.444444 0 0 1 0 0 1 0.5 1 0.75 0.25 0 0.2 0 0.8 0.5 0 1 0 0 0 0 1 0 0 0 0 0 0 0 1 0 0 1 0 > * X]
 +       1      * <0.444444 0 1 0 0 0 1 0.75 0.25 0 1 0.5 0.4 1 1 1 0.333333 0.5 0 0 0 0 0 0 0 0 0 1 0 0 1 0 0 1 0.75 > * X]
 +       1      * <0.444444 0 1 0 0 0 0.8 0 1 0.5 0.75 0.25 0.4 0 1 0.5 0 0.75 0 0 0 0 0 0 1 0 0 0 0 0 1 0 1 0 0.5 > * X]
 +       1      * <0.444444 0 1 0 0 0 0.6 0.25 0 0 0.75 0.25 0.2 1 1 0.5 0.666667 0.25 0 0 0 0 0 0 0 0 1 0 0 0 1 0 1 0 0.75 > * X]
 -       1      * <0.222222 0 1 0 0 0 0.8 0.75 1 0 0 0.75 0.8 1 1 1 0.666667 0.25 0 0 0 0 0 1 0 0 0 0 1 0 1 0 1 0 0.75 > * X]
 -       1      * <0.777778 0 1 0 0 0 0.8 0.5 0.5 1 0.25 0.25 0 0 1 0.5 0 0.5 1 0 0 0 0 0 0 0 0 0 0 0 0.333333 0 1 0 0 > * X]
 +       1      * <0.111111 0 1 0 0 0 1 0.75 0.5 1 0 0.25 0.4 0 1 1 1 1 0 0 0 0 0 0 0 0 1 0 0 0 0.666667 0 1 0 0.75 > * X]
 +       1      * <0.333333 0 0 0 1 0 0.8 0 1 0.25 0.75 0.5 0.2 0 1 0.5 0.666667 0.5 1 0 0 0 0 0 0 0 0 0 0 0 1 0 0 1 0.5 > * X]
 -       1      * <0.777778 0 0 0 1 0 1 0 0.25 0.75 0 0.5 0 1 1 1 0.333333 0.5 1 0 0 0 0 0 0 0 0 0 1 0 0 0 1 0 0.25 > * X]
 +       1      * <0.444444 1 0 0 0 0 0.8 1 0.5 0.25 0.5 0.25 1 0 1 1 1 0.25 0 0 0 0 0 1 0 0 0 0 0 0 1 0 1 0 0.5 > * X]
 +       1      * <0.333333 0 0 1 0 0 0.6 0.25 0.75 0.75 0 0.5 0.6 1 1 1 1 1 0 0 0 0 0 0 0 0 1 0 0 0.5 1 0 0 1 1 > * X]
 +       1      * <0.444444 0 1 0 0 0 0.8 0.5 0.25 1 0.75 0 0.2 0 1 0 0 0.5 0 0 0 0 0 0 0 0 1 0 0 0 0.666667 1 0 0 0.75 > * X]
 +       1      * <0.222222 0 0 0 1 0 1 1 0.25 0.75 0.5 0 0.2 0 1 1 0 0.5 1 0 0 0 0 0 0 0 0 0 0 0 0.666667 1 0 0 0.75 > * X]
 +       1      * <0.555556 0 0 1 0 0 0 0 0 0 1 0.5 0.4 0 0.8 0.5 0 0.25 0 0 0 0 1 0 0 0 0 0 0 0 0.666667 0 1 0 0.5 > * X]
 +       1      * <0.777778 0 1 0 0 0 0 0 0 0 0.25 1 0.4 0 1 0.5 0 0.25 0 0 0 0 0 0 0 0 1 0 0 0 1 0 1 0 1 > * X]
 +       1      * <0.333333 0 1 0 0 0 0.4 1 0.5 0.75 1 0 0.4 1 1 0.5 0.333333 0.5 1 0 0 0 0 0 0 0 0 0 0 0 0.666667 0 1 0 0.5 > * X]
 +       1      * <0.555556 0 0 1 0 0 0 0 0 0 0 0.5 0.2 0 0.8 0 0 0.5 0 0 0 0 1 0 0 0 0 0 0 0 0.666667 0 0 1 0.5 > * X]
 -       1      * <0.555556 0 0 1 0 0 0.8 0.25 0 0.75 0.5 0.5 0.4 0 0.4 1 1 1 0 0 0 0 0 0 0 0 1 0 0 0 0.666667 1 0 0 0.75 > * X]
 -       1      * <0.222222 0 1 0 0 0 0.8 0.25 0.75 1 0.5 0 0.8 0 0.8 0.5 0.333333 0.75 0 0 0 0 0 0 0 0 1 0 1 0.5 1 0 0 1 0.75 > * X]
 +       1      * <0.333333 0 0 0 1 0 1 1 0.75 0.5 0 0.25 0.6 0 1 0.5 0.333333 0.25 1 0 0 0 0 0 0 0 0 0 0 0 0.666667 1 0 0 0.25 > * X]
 -       1      * <0.333333 0 0 0 1 0 1 0 0.25 0.5 0.5 0.5 0.6 0 0.6 0.5 0.333333 0.5 0 0 0 0 0 0 0 0 0 1 0 0 1 0 0 1 0.75 > * X]
 +       1      * <0.111111 0 1 0 0 0 1 0.75 0.75 0.75 0.25 0.5 0.2 0 1 1 0.333333 0.5 1 0 0 0 0 0 0 0 0 0 0 0 1 0 1 0 0.75 > * X]
 +       1      * <0.222222 0 1 0 0 0 0.8 0.75 1 0.75 0.25 0.5 0.2 0 1 1 0.333333 0.75 0 0 0 0 0 0 0 0 1 0 1 0.5 1 0 0 1 0.75 > * X]
 -       1      * <0.111111 0 1 0 0 0 0.8 0.75 0 0.5 0.25 1 0.2 0 1 0.5 1 0.75 0 0 0 0 0 0 0 0 1 0 0 1 1 0 0 1 0.75 > * X]
 +       1      * <0.222222 0 1 0 0 0 0.8 0.5 0.25 0.75 1 0 0.4 1 1 0.5 0.333333 0.5 0 0 0 0 0 0 0 0 0 1 0 0 1 0 0 1 0.75 > * X]
 -       1      * <0.444444 1 0 0 0 0 0.8 1 0 0.5 0.75 0.25 0.4 1 1 0.5 0.666667 1 0 0 0 0 0 0 0 0 0 1 0 1 1 0 0 1 0.5 > * X]
 +       0.5974 * <0.555556 0 1 0 0 0 0.6 0.25 0.5 1 0 1 0 0 1 0.5 0.333333 1 0 0 0 0 0 0 0 0 1 0 0 0 1 1 0 0 1 > * X]
 +       1      * <0.222222 0 1 0 0 0 0.6 0.5 0 1 0.25 0.75 0.4 1 1 0.5 0.666667 0.75 0 0 1 0 0 0 0 0 0 0 1 0 0.666667 0 1 0 0.25 > * X]
 +       1      * <0.444444 0 0 0 1 0 0.4 0.5 0.25 1 1 1 0.4 1 1 1 1 0.25 1 0 0 0 0 0 0 0 0 0 0 1 0 1 0 0 0 > * X]
 -       1      * <0.444444 0 1 0 0 0 0 0.25 0.25 0.25 0.5 1 0.2 0 1 1 0.333333 0.75 0 0 0 0 0 0 0 0 1 0 0 0 1 0 0 1 0.75 > * X]
 -       1      * <0.222222 0 1 0 0 0 0.8 0 0.5 1 0.75 0.25 1 0 1 0.5 0.666667 0.75 0 1 0 0 0 0 0 0 0 0 0 0.5 1 0 0 1 1 > * X]
 +       1      * <0.333333 0 1 0 0 0 0.6 0.75 0.25 0 0 1 0.4 0 1 1 0.333333 1 0 0 0 0 1 0 0 0 0 0 1 0.5 0.666667 1 0 0 0.25 > * X]
 -       1      * <0.555556 0 1 0 0 0 0.2 0 0 0.5 0.25 0.5 0 0 1 0.5 0 0.5 0 0 0 0 0 1 0 0 0 0 0 0 0 0 1 0 0 > * X]
 +       1      * <0.444444 0 1 0 0 0 0.6 0.25 0 0 0.75 0.25 0.2 1 1 0.5 0.666667 0.25 0 0 0 0 0 0 0 0 1 0 0 0 1 0 1 0 0.75 > * X]
 +       1      * <0.111111 0 1 0 0 0 0.4 0 0 0.75 0.75 1 0.2 0 1 0.5 0.333333 0.5 0 0 0 0 0 1 0 0 0 0 1 0 0.333333 0 1 0 0 > * X]
 +       1      * <0.333333 0 1 0 0 0 0.6 0.25 0.5 0.5 0.5 0.75 0.4 0 1 1 0.666667 0.5 0 0 0 0 0 0 0 0 1 0 0 1 1 0 0 1 0.75 > * X]
 -       1      * <0.555556 0 0 0 1 0 1 0.25 1 0.5 0.75 0 0.2 0 1 0.5 0.333333 0.5 1 0 0 0 0 0 0 0 0 0 0 0 1 0 1 0 0 > * X]
 -       1      * <0 1 0 0 0 0 0.8 0.5 0.75 0 0.25 0.75 0.2 0 1 0.5 0.333333 0.25 0 0 1 0 0 0 0 0 0 0 0 1 1 0 0 1 0.25 > * X]
 -       1      * <0.777778 1 0 0 0 0 0.8 0.25 0 0.5 0.75 1 0.2 1 1 1 0.333333 0.5 0 1 0 0 0 0 0 0 0 0 1 1 1 0 1 0 0.5 > * X]
 -       1      * <0.555556 0 1 0 0 0 1 0.25 0.75 0.75 0.25 0.5 0.2 1 1 0 0.666667 0.5 0 0 0 0 0 1 0 0 0 0 1 0 1 0 0 1 1 > * X]
 +       1      * <0.111111 0 1 0 0 0 1 0.5 0.25 1 0 0.75 0.2 0 1 0.5 0 0.5 0 1 0 0 0 0 0 0 0 0 0 0.5 0.666667 0 1 0 0.5 > * X]
 -       1      * <0.111111 0 0 0 1 0 0.6 0.5 0.25 1 0 0 0 0 1 0.5 0.666667 0.5 1 0 0 0 0 0 0 0 0 0 1 0 0.333333 0 1 0 0.25 > * X]
 -       1      * <0.222222 0 1 0 0 0 1 1 1 0 0.5 1 0.4 1 1 0.5 0.666667 0.5 0 0 0 1 0 0 0 0 0 0 0 0.5 1 0 0 1 0.75 > * X]
 +       1      * <0.111111 0 0 1 0 0 0.6 0.75 0.75 0.75 0 0.5 0.2 0 1 0 0 0.75 0 0 0 0 0 0 0 0 1 0 0 1 1 0 0 1 0.75 > * X]
 +       0.0689 * <0.222222 0 1 0 0 0 0 0.75 0.75 0.5 0.25 0.5 0.2 0 1 1 1 1 0 0 0 0 0 0 0 0 1 0 0 0 1 0 1 0 1 > * X]
 +       1      * <0.111111 0 1 0 0 0 0.8 0.75 0.5 1 0 0.25 0.4 0 0.6 1 0.333333 0.5 0 1 0 0 0 0 0 0 0 0 1 0 1 0 0 1 0.25 > * X]
 -       1      * <0.333333 0 0 1 0 0 0.6 1 0.25 0.75 0 0.5 0 1 1 0 0 0.25 0 0 0 0 1 0 0 0 0 0 0 0 0 1 0 0 0.25 > * X]
 +       1      * <0.222222 0 0 1 0 0 0.6 0.5 0.75 0.5 0.25 0.5 0.2 0 0.6 0.5 0.333333 0.5 0 0 0 0 1 0 0 0 0 0 0 0 0.333333 0 1 0 0 > * X]
 +       1      * <0.333333 0 0 1 0 0 0.8 0.25 1 0.5 0.5 0.75 0.2 0 0.8 0 0.666667 0.5 0 0 0 0 1 0 0 0 0 0 1 0 0.666667 1 0 0 0.75 > * X]
 +       1      * <0.333333 0 0 0 1 0 0.6 0.5 0.25 1 0.75 0 0.4 1 1 0.5 0.333333 0.5 1 0 0 0 0 0 0 0 0 0 1 0 1 0 0 1 1 > * X]
 -       1      * <0.222222 0 1 0 0 0 0.6 0.75 0 0.5 0.5 0.25 0.2 0 1 0 0.666667 0.75 0 0 1 0 0 0 0 0 0 0 0 0 0.333333 1 0 0 0.25 > * X]
 +       1      * <0.222222 0 1 0 0 0 0.8 1 1 1 0.25 1 0.4 0 1 0.5 0.333333 0.5 1 0 0 0 0 0 0 0 0 0 0 0 1 0 1 0 1 > * X]
 +       1      * <0.111111 0 1 0 0 0 1 0.5 1 0.5 0 0.5 1 0 1 1 0.333333 0.5 0 0 0 0 1 0 0 0 0 0 1 0 1 0 0 1 0.75 > * X]
 +       1      * <0.555556 0 0 0 1 0 1 0.25 0.25 0.25 1 0.25 0.8 0 1 0.5 1 0.75 0 0 0 0 1 0 0 0 0 0 1 0 0.666667 0 1 0 0.75 > * X]
 +       1      * <0.333333 0 0 1 0 0 0 0 0 0.25 0.5 1 0.2 0 0.4 0 0 0.25 0 0 0 0 1 0 0 0 0 0 0 0 0.333333 0 0 1 0 > * X]
 -       1      * <0.444444 0 1 0 0 0 0.4 0 1 0.5 0 0.25 0.2 1 1 1 1 0.5 0 0 1 0 0 0 0 0 0 0 0 0 0 1 0 0 0 > * X]
 -       1      * <0.222222 0 1 0 0 0 0.8 0.5 0.25 0 1 0.75 0.4 1 1 0.5 0 0.5 0 0 0 0 0 0 1 0 0 0 0 0 1 0 1 0 0.75 > * X]
 -       1      * <0.777778 0 1 0 0 0 0 0 0.5 1 0.75 0.5 0 0 1 0.5 0 0.25 0 0 0 0 0 0 0 0 1 0 0 1 1 0 0 1 1 > * X]
 -       1      * <0.666667 0 1 0 0 0 0.4 0 0.25 0.5 0.5 1 0.4 0 0.8 0.5 0 0.5 0 0 0 0 0 1 0 0 0 0 0 0 0 0 1 0 0 > * X]
 -       1      * <0.222222 0 1 0 0 0 0.4 1 0 0.75 0.5 0.25 0.8 1 1 0.5 0.333333 0.75 0 0 0 0 0 0 1 0 0 0 0 1 1 0 1 0 0.5 > * X]
 +       1      * <0.222222 0 1 0 0 0 0.8 0.5 0.25 0.75 1 0 0.4 1 1 0.5 0.333333 0.5 0 0 0 0 0 0 0 0 0 1 0 0 1 0 0 1 0.75 > * X]
 +       1      * <0.111111 0 0 0 1 0 0.6 0.5 0.75 0 1 0.25 1 1 1 1 0.666667 0.5 1 0 0 0 0 0 0 0 0 0 0 0 1 0 1 0 1 > * X]
 +       1      * <0.666667 0 1 0 0 0 0.4 1 0.25 0.5 0.5 1 0.6 0 1 1 0 0.25 0 0 0 0 0 1 0 0 0 0 1 0 0 0 1 0 0 > * X]
 -       1      * <0.666667 0 1 0 0 0 1 0.25 0.5 1 0 0.75 0.6 1 1 1 0.666667 0.75 0 0 0 0 0 0 1 0 0 0 1 0 1 0 0 1 1 > * X]
 -       1      * <0.111111 0 1 0 0 0 0.2 0 0 0.25 0.5 0.75 0.2 0 1 0.5 0 0 0 0 0 0 0 0 0 1 0 0 0 0.5 1 0 0 1 1 > * X]
 -       1      * <0.222222 0 1 0 0 0 1 0 0 0.25 1 1 0.4 0 0.6 1 1 0.5 0 0 0 1 0 0 0 0 0 0 1 1 1 0 1 0 1 > * X]
 -       1      * <0.222222 0 1 0 0 0 0.6 0.25 1 0.5 0 0.75 0.4 1 1 1 0.666667 1 0 0 0 0 0 0 0 0 1 0 1 0.5 1 0 1 0 0.25 > * X]
 +       1      * <0.666667 0 1 0 0 0 0 0 0 0.5 0.5 1 0.4 1 1 1 0.333333 0.75 0 0 0 0 0 0 0 0 1 0 0 1 1 1 0 0 1 > * X]
 +       0.1681 * <0.333333 0 1 0 0 0 0.4 0.25 0 0.75 1 0.5 0.2 0 1 1 1 0.75 0 0 0 0 0 0 0 0 1 0 0 0 1 0 1 0 0.75 > * X]
 +       1      * <0.444444 1 0 0 0 0 1 0 0 0.25 0.5 0.25 0.4 0 0 0.5 0.333333 1 0 1 0 0 0 0 0 0 0 0 0 0 1 0 0 1 0.75 > * X]
 +       1      * <0.555556 0 1 0 0 0 0 0 0 0.25 0.75 1 0.2 0 1 0.5 0.333333 0.75 0 0 0 0 0 1 0 0 0 0 0 0 0 0 0 1 0 > * X]
 +       1      * <0.555556 0 1 0 0 0 0 0.25 0.25 0.5 0.75 1 0.4 0 1 0.5 0 0 0 0 0 0 0 1 0 0 0 0 0 0 0 0 0 1 0 > * X]
 -       1      * <0.111111 1 0 0 0 0 0.6 0.75 0.5 0.75 0.75 0.75 0.2 0 0.6 1 0.333333 0.5 1 0 0 0 0 0 0 0 0 0 0 1 1 0 0 1 0.75 > * X]
 -       1      * <0.222222 0 1 0 0 0 0.8 0.5 0.75 0.25 0.75 1 0.4 1 0.6 1 1 0.5 0 0 0 0 0 0 0 0 1 0 0 1 1 0 0 1 1 > * X]
 -       1      * <0.333333 0 0 0 1 0 0.6 0.5 0.75 0 0.25 0 0.4 0 1 1 1 0.5 1 0 0 0 0 0 0 0 0 0 0 0.5 0.666667 0 0 1 0.5 > * X]
 +       1      * <0.222222 0 1 0 0 0 0.8 0.25 0 1 0.75 0.5 0.4 1 1 0.5 1 0.5 0 1 0 0 0 0 0 0 0 0 1 0 0.666667 0 1 0 0.25 > * X]
 +       1      * <0.666667 1 0 0 0 0 0.8 0.5 0.25 0.5 0 1 0.4 0 0.4 0.5 0 0.5 0 0 0 0 0 0 1 0 0 0 0 0.5 1 0 1 0 0.75 > * X]
 -       1      * <0.333333 0 1 0 0 0 0.8 0 0.25 0.5 0.75 1 0.8 0 0.6 1 1 0.5 1 0 0 0 0 0 0 0 0 0 0 1 1 0 1 0 1 > * X]
 -       1      * <0.222222 0 0 0 1 0 1 1 0.5 0.75 0 0.25 0.4 0 0.8 0 0 0.5 0 0 0 0 0 0 0 0 1 0 0 1 0.666667 0 0 1 0.25 > * X]
 -       1      * <0.222222 0 0 0 1 0 0.6 1 1 0.25 0 0.5 0.2 0 0.8 1 0.333333 1 0 0 0 0 1 0 0 0 0 0 0 0.5 1 0 0 1 1 > * X]
 +       0.9456 * <0.111111 0 1 0 0 0 0.6 0 0.25 0 0.75 0.75 0.6 1 0.6 1 0.666667 0.5 0 0 1 0 0 0 0 0 0 0 1 0 1 0 0 1 0.5 > * X]
 +       1      * <0.111111 0 1 0 0 0 0.6 1 0.75 0.25 0 1 0.6 0 1 0.5 1 0.75 1 0 0 0 0 0 0 0 0 0 0 0.5 1 1 0 0 0.75 > * X]
 +       1      * <0.222222 0 1 0 0 0 0 0 0 0.25 0 1 0.2 1 1 1 0.666667 0.75 0 0 0 0 0 0 0 0 1 0 0 0 1 0 0 1 0.25 > * X]
 +       1      * <0.111111 1 0 0 0 0 0.2 0 0 0 0 0 0.2 0 0.4 0 1 0.5 0 0 0 0 0 0 0 0 1 0 0 0.5 1 1 0 0 0 > * X]
 +       1      * <0.222222 0 1 0 0 0 1 1 0.75 0.5 0 0.25 0.2 0 1 0.5 0.666667 0.5 1 0 0 0 0 0 0 0 0 0 0 0 0.666667 0 1 0 0.25 > * X]
 +       1      * <0.666667 0 1 0 0 0 0 0 0 0.75 1 1 0.2 0 1 1 0 0.25 0 0 0 0 0 0 1 0 0 0 0 0 1 0 1 0 1 > * X]
 +       1      * <0.666667 0 1 0 0 0 0 0.75 0.75 0 1 0.25 0.6 0 0.2 1 0.333333 0 0 0 1 0 0 0 0 0 0 0 1 1 1 0 0 1 0.75 > * X]
 +       1      * <0.111111 0 1 0 0 0 0.8 0.75 0.25 0.5 0.5 0.5 0.2 1 1 1 0.333333 0.25 0 0 0 0 1 0 0 0 0 0 1 0 1 0 1 0 0.75 > * X]
 +       1      * <0.666667 1 0 0 0 0 0.8 1 0.25 1 0.25 0.25 0.6 1 0.8 0.5 0.333333 0 0 0 0 1 0 0 0 0 0 0 0 1 1 1 0 0 0.75 > * X]
 -       1      * <0.555556 0 1 0 0 0 0.8 1 0.5 0 0.25 0.75 0.4 1 1 1 0.666667 0.5 0 0 0 0 0 0 0 0 1 0 0 1 1 0 1 0 0.25 > * X]
 +       1      * <0.111111 0 1 0 0 0 0.8 0.5 1 0.75 0.5 0 0.4 1 0.8 1 0.333333 0.5 0 1 0 0 0 0 0 0 0 0 0 1 1 0 0 1 0.5 > * X]
 +       1      * <0.555556 0 0 1 0 0 0 0 0.25 0.5 0.75 1 0.2 1 1 1 1 0.75 0 0 0 0 1 0 0 0 0 0 1 0 1 0 0 1 1 > * X]
 +       1      * <0.222222 0 1 0 0 0 0.6 1 0.5 0 0.75 0.25 0.2 1 1 0 0.666667 0.75 0 0 0 0 0 0 0 0 1 0 0 0 1 0 0 1 0.75 > * X]
 -       1      * <0.111111 0 0 0 1 0 0 0.25 0.25 0.25 0.5 1 0.4 1 1 1 0.333333 0.5 0 0 0 0 0 0 0 0 1 0 0 0.5 1 0 1 0 0.75 > * X]
 -       1      * <0.111111 0 0 1 0 0 0.2 1 0.75 0.25 0.25 0.5 0.4 1 1 0.5 0 0.5 0 0 0 0 0 0 0 0 0 1 0 0 1 1 0 0 0.75 > * X]
 +       1      * <0.555556 0 1 0 0 0 0.2 0 0.25 0.5 0.5 1 0.2 1 1 1 1 0.75 0 0 0 0 0 0 0 0 1 0 1 0.5 1 0 0 1 1 > * X]
 -       1      * <0.333333 0 1 0 0 0 1 1 0.5 0.25 0 0 0.2 1 1 0 0.333333 0.25 0 0 0 0 0 0 0 0 1 0 0 0 0.333333 1 0 0 0.25 > * X]
 -       1      * <0.444444 0 1 0 0 0 0 0 0 0.5 0.75 1 0.4 0 1 0.5 0 0.25 0 0 0 0 0 0 0 0 1 0 1 0 1 0 0 1 1 > * X]
 -       1      * <0.666667 0 1 0 0 0 0.6 0.75 0 0.5 0.75 0.75 0.4 1 0.8 0.5 0.333333 0.25 1 0 0 0 0 0 0 0 0 0 1 0.5 1 0 0 1 1 > * X]
 -       1      * <0.444444 0 0 0 1 0 1 0.25 0.75 0.5 0 0 0.2 1 1 1 0.666667 1 1 0 0 0 0 0 0 0 0 0 1 0 0.666667 0 0 1 0.75 > * X]
 -       1      * <0.333333 0 0 0 1 0 0.6 0.75 0.5 1 0.5 0.75 0.4 0 0.6 1 0.333333 0.5 1 0 0 0 0 0 0 0 0 0 0 1 0.666667 0 1 0 0.75 > * X]
 +       1      * <0.777778 0 1 0 0 0 0.8 0.5 0.75 1 0.25 0 0.6 1 1 1 0.333333 1 0 0 0 0 0 0 0 0 1 0 0 0 1 0 0 1 0.5 > * X]
 +       1      * <0.444444 0 1 0 0 0 0.6 0.25 1 0 0.5 0.75 0.6 1 1 0.5 0.333333 0.75 0 0 1 0 0 0 0 0 0 0 0 0 1 0 1 0 0.5 > * X]
 +       1      * <0.111111 0 0 0 1 0 0.8 0 0.75 0.25 0.5 1 0.2 1 1 0.5 0.666667 0.5 1 0 0 0 0 0 0 0 0 0 1 0 0.666667 1 0 0 0.75 > * X]
 +       1      * <0.444444 0 1 0 0 0 0.6 0.5 0.75 0.25 0 1 0.2 1 0.4 1 1 0.5 0 0 1 0 0 0 0 0 0 0 0 0.5 0.333333 0 0 1 0.5 > * X]
 +       1      * <0.333333 0 1 0 0 0 0.6 0.75 0.25 1 0 0.5 0 0 1 0 0 0.75 1 0 0 0 0 0 0 0 0 0 0 0 0.666667 0 0 1 0.75 > * X]
 +       1      * <0.333333 0 1 0 0 0 0.4 0 0.25 0 0 0.75 0.4 0 0.2 0 0.333333 0.5 0 0 0 1 0 0 0 0 0 0 0 0 1 0 0 1 0.5 > * X]
 -       1      * <0.333333 0 0 0 1 0 1 1 0.25 0.75 0.5 0 0.6 0 1 0.5 0.333333 0.25 1 0 0 0 0 0 0 0 0 0 1 0 1 0 1 0 0.75 > * X]
 -       1      * <0.111111 0 0 0 1 0 0.8 1 0.5 0 0.5 0.75 0.4 0 1 0.5 1 1 1 0 0 0 0 0 0 0 0 0 1 0 1 0 0 1 0.75 > * X]
 -       1      * <0.222222 1 0 0 0 0 0.8 0.5 0 1 0.5 0.75 0.4 1 0.6 1 0 0.5 0 0 0 0 0 0 0 0 1 0 1 0 0.666667 1 0 0 0.25 > * X]
 +       1      * <0.444444 0 0 1 0 0 0.6 0.25 1 0.75 0.5 0 0.2 1 0.8 0.5 1 0.75 0 0 0 0 0 0 0 0 1 0 1 0 0.666667 0 0 1 0 > * X]
 +       0.3683 * <0.111111 0 1 0 0 0 0 0.5 0 0.5 0.5 1 0.2 0 1 1 0 0.75 1 0 0 0 0 0 0 0 0 0 0 0 0.666667 0 0 1 0.5 > * X]
 -       1      * <0.333333 0 1 0 0 0 0.6 0.75 1 0.25 0 0.5 0.4 1 1 1 0.666667 0.75 0 0 1 0 0 0 0 0 0 0 0 0.5 1 0 0 1 0.5 > * X]
 -       1      * <0.222222 0 1 0 0 0 1 0.25 0 1 0.75 0.5 0.2 1 1 1 0 0.5 0 0 0 0 0 0 1 0 0 0 1 1 1 0 1 0 0.5 > * X]
 +       1      * <0.222222 0 0 1 0 0 1 1 0 0.75 0.25 0.5 0.4 1 1 1 1 1 0 0 0 0 0 0 0 0 1 0 0 0.5 0.666667 0 0 1 0.75 > * X]
 -       1      * <0.333333 0 1 0 0 0 0.6 0 0.25 1 0.5 0.75 0.2 0 1 1 0.666667 0.75 0 1 0 0 0 0 0 0 0 0 0 0 0.333333 1 0 0 0.25 > * X]
 -       1      * <0.777778 0 1 0 0 0 0.6 1 0.75 0 0.25 0.5 0.2 1 0.6 1 0 0.5 0 0 0 0 0 0 1 0 0 0 0 0 0.333333 1 0 0 0 > * X]
 +       0.0413 * <0.444444 0 1 0 0 0 0.8 0.75 0.75 0.75 0.5 1 0.4 0 1 1 0.666667 0.75 0 0 1 0 0 0 0 0 0 0 1 0 1 0 0 1 0.75 > * X]
 -       1      * <0.555556 0 0 1 0 0 0 0.25 0.75 0.5 0.25 0.5 0 1 1 0.5 0 0.5 0 0 0 0 0 0 0 0 1 0 1 0 1 0 0 1 1 > * X]
 -       1      * <0.444444 0 1 0 0 0 0.6 0 0.5 0.75 0 0.25 0.2 1 0.8 1 0.333333 0.25 0 0 0 0 0 0 0 0 1 0 0 0.5 0.333333 1 0 0 0.25 > * X]
 -       1      * <0.555556 0 1 0 0 0 0.8 1 0.75 0 0.5 0.25 0.2 1 0.8 1 0.666667 0.25 0 0 0 0 0 0 0 0 1 0 0 0 1 0 1 0 0.75 > * X]
 +       1      * <0.222222 0 1 0 0 0 0.6 1 0 0.25 0.25 1 0.4 0 1 0.5 0.333333 0.75 0 1 0 0 0 0 0 0 0 0 1 0 1 1 0 0 0.5 > * X]
 +       1      * <0.111111 0 1 0 0 0 1 0.75 1 0 0.75 0 0.6 0 1 0.5 0 1 0 0 0 0 1 0 0 0 0 0 1 0 1 0 1 0 1 > * X]
 +       1      * <0.777778 0 0 1 0 0 0 0 0 0.5 0.5 1 0.2 1 1 1 0.333333 0.75 0 0 0 0 1 0 0 0 0 0 1 0 0.666667 1 0 0 0.25 > * X]
 +       1      * <0.333333 0 1 0 0 0 0.6 0 0.25 0.75 1 0.5 0.2 1 1 1 0 0.5 0 0 0 0 0 0 1 0 0 0 1 1 1 1 0 0 0.25 > * X]
 -       1      * <0.222222 0 1 0 0 0 0.6 0 0.75 0.25 0.5 1 0.4 1 0.8 0.5 0.333333 0.5 0 0 0 0 0 0 1 0 0 0 0 0 1 0 0 1 0 > * X]
 -       1      * <0.333333 0 0 0 1 0 0.8 0.75 0.25 0 0.5 1 0.2 1 1 0.5 0.333333 1 1 0 0 0 0 0 0 0 0 0 0 0.5 1 0 1 0 0.75 > * X]
 -       1      * <0.222222 0 1 0 0 0 0.2 0.75 0.75 0.5 0.75 0 0.4 1 1 0 0.333333 0.5 0 0 0 0 0 0 0 0 1 0 0 1 1 0 1 0 0.5 > * X]
 +       1      * <0.111111 0 1 0 0 0 1 0.5 0.25 1 0 0.75 0.4 1 1 0.5 0.333333 0.5 0 0 0 0 0 0 0 0 1 0 0 0 1 0 1 0 1 > * X]
 +       1      * <0.333333 0 1 0 0 0 0.8 1 0.25 1 1 0 0.4 0 1 0.5 1 0.5 0 0 0 0 0 0 0 0 0 1 0 1 1 0 0 1 1 > * X]
 +       1      * <0.333333 0 1 0 0 0 0.8 0.5 0.75 0.75 1 0.25 0.2 0 0 0.5 1 0.75 0 0 0 0 0 0 0 0 1 0 0 1 1 0 0 1 0.5 > * X]
 -       1      * <0.333333 0 1 0 0 0 0.8 0.75 0.75 1 0 1 0.4 0 0.4 1 0.333333 0.25 0 0 0 0 1 0 0 0 0 0 0 1 1 0 0 1 0.75 > * X]
 +       0.049  * <0.333333 0 1 0 0 0 1 0.75 0.5 1 0.25 0 0.4 1 1 1 0.333333 0.75 0 0 0 0 0 0 0 0 1 0 0 0 1 1 0 0 0.75 > * X]
 +       1      * <0.222222 0 0 1 0 0 0.4 0 0.75 1 0 0.25 0.4 0 1 1 0 0.25 0 0 0 0 0 0 0 0 1 0 0 0 1 0 1 0 1 > * X]
 +       1      * <0.444444 0 1 0 0 0 0 0 0 0 1 0 0.4 1 0.8 0.5 0 0 0 0 0 0 1 0 0 0 0 0 0 0 1 0 0 1 0 > * X]
 +       1      * <0.333333 0 1 0 0 0 1 0.5 0.25 0.75 0 1 0.2 1 1 1 0.666667 0.75 0 0 0 0 0 0 0 0 1 0 1 0 0.333333 1 0 0 0.75 > * X]
 -       1      * <0 0 1 0 0 0 0.8 0.75 0.5 0.25 0.25 0.25 1 1 0.8 0.5 0 0 1 0 0 0 0 0 0 0 0 0 0 0.5 1 0 0 1 0.75 > * X]
 +       1      * <0.222222 0 1 0 0 0 0.6 1 0.5 0.25 0 0.75 0.6 0 1 1 0.333333 0.5 0 0 0 0 0 0 0 0 1 0 0 1 1 0 1 0 0.5 > * X]
 +       1      * <0.555556 0 1 0 0 0 0 0.25 0.25 0.5 0.25 0.75 0.4 0 1 0.5 0.333333 0.5 0 1 0 0 0 0 0 0 0 0 1 0 1 1 0 0 0.75 > * X]
 +       1      * <0.666667 0 1 0 0 0 0.8 0.5 0.5 0.75 0.25 1 0 0 1 0.5 0.333333 0.75 1 0 0 0 0 0 0 0 0 0 0 0 1 0 0 1 0.5 > * X]
 -       1      * <0.666667 1 0 0 0 0 0.6 0.75 0 0.5 1 0 0.8 0 0.8 1 0.333333 0.75 0 0 0 0 0 0 0 0 1 0 0 0 1 0 1 0 0.5 > * X]
 +       1      * <0.666667 0 0 0 1 0 0.8 0 0.75 1 0 0.5 0 0 1 1 0.666667 1 1 0 0 0 0 0 0 0 0 0 1 0 0.666667 0 1 0 1 > * X]
 +       1      * <0.333333 0 0 0 1 0 0.6 0.25 0.5 0 1 0.75 1 1 1 1 0.666667 0.75 1 0 0 0 0 0 0 0 0 0 1 0 1 0 0 1 0.5 > * X]
 -       1      * <0 0 0 0 1 0 0.4 0 0.25 0.5 0.75 1 0.2 0 1 0.5 0.333333 0.5 0 0 0 0 0 0 0 1 0 0 0 1 1 0 1 0 1 > * X]
 -       1      * <0.222222 0 0 1 0 0 0.8 0.25 1 0.25 0.75 0 0.4 0 1 0.5 0.333333 0.25 0 0 0 1 0 0 0 0 0 0 1 1 1 0 1 0 0.75 > * X]
 -       1      * <0.111111 0 1 0 0 0 0.6 0.25 0.25 0.5 0.5 0 0.2 0 0.8 0.5 0.333333 0.75 0 0 1 0 0 0 0 0 0 0 0 0 0.333333 0 0 1 0.5 > * X]
 -       1      * <0.111111 0 1 0 0 0 0.6 0.5 0.25 0.25 0 0 0.2 0 1 0.5 0.666667 0.75 0 1 0 0 0 0 0 0 0 0 0 0 0.666667 0 0 1 0.25 > * X]
 +       1      * <0.444444 0 1 0 0 0 1 1 0.5 0.75 0 0.25 0.4 1 1 1 1 1 0 0 1 0 0 0 0 0 0 0 1 0 1 0 0 1 1 > * X]
 -       1      * <0.222222 0 1 0 0 0 0.6 0.5 0.5 0.5 0.75 0.75 0.2 0 0.4 0.5 0 0.25 0 0 0 0 0 1 0 0 0 0 0 0.5 1 0 1 0 1 > * X]
 +       1      * <0.222222 1 0 0 0 0 0.4 0 1 0 1 0.25 0.6 0 1 1 0 0.75 0 0 0 0 0 0 0 0 0 1 0 1 1 0 0 1 0.5 > * X]
 +       1      * <0.111111 0 1 0 0 0 1 0.5 0 0.75 0.25 1 0.6 0 1 0.5 0.666667 1 0 0 0 0 0 0 0 0 1 0 0 0 1 0 1 0 1 > * X]
 -       1      * <0.777778 0 1 0 0 0 0.6 0.75 0.5 0.25 0 0 0.6 0 0.8 0.5 0 0.5 0 0 0 0 0 0 0 0 0 1 0 0.5 1 0 1 0 0.25 > * X]
 +       1      * <0.222222 0 1 0 0 0 0.8 1 1 0.75 0 0.5 0.6 0 1 1 0.333333 0.75 1 0 0 0 0 0 0 0 0 0 0 0 0.333333 0 0 1 0.75 > * X]
 -       1      * <0.333333 0 1 0 0 0 0.8 1 0.25 0.5 0 0.75 0.4 0 0.4 0.5 1 0.75 0 0 0 0 0 0 1 0 0 0 1 0 0.666667 0 1 0 0.75 > * X]
 +       1      * <0.444444 0 1 0 0 0 0.8 0.25 1 0.5 0.75 0 0.6 0 0.8 0.5 0.333333 0.5 0 0 0 0 0 0 0 0 1 0 1 0 1 0 0 1 0.25 > * X]
 -       1      * <0.555556 0 0 0 1 0 0.6 1 0.25 0.25 0.25 0 0.2 0 1 0.5 0.333333 0.75 0 0 0 0 0 0 0 0 1 0 0 0.5 1 0 0 1 0.5 > * X]
 -       1      * <0.222222 0 1 0 0 0 1 0.75 0.75 0.75 0 0.25 0.2 0 1 1 0.666667 0.5 1 0 0 0 0 0 0 0 0 0 0 0.5 1 0 1 0 0.5 > * X]
 -       1      * <0.222222 0 1 0 0 0 0.8 1 0.75 0 0.5 0.25 0.2 0 0.8 0.5 0.333333 0.5 0 1 0 0 0 0 0 0 0 0 1 0 1 1 0 0 1 > * X]
 -       1      * <0.444444 0 1 0 0 0 0.6 0.25 1 0.75 0.25 0.5 0 0 0.6 0.5 0.333333 0.5 0 0 0 1 0 0 0 0 0 0 0 1 1 0 1 0 0.75 > * X]
 +       1      * <0.222222 0 0 0 1 0 1 1 0.25 0.75 0 0.5 0.6 0 0.8 1 0.333333 0.5 1 0 0 0 0 0 0 0 0 0 1 0 0.666667 0 1 0 0.5 > * X]
 -       1      * <0.444444 0 1 0 0 0 0.6 0.75 1 1 0.75 0.75 0.2 1 1 0 0.666667 0.5 0 0 0 0 0 0 0 0 1 0 0 1 1 0 1 0 0.75 > * X]
 -       1      * <0.222222 0 1 0 0 0 1 0 1 0.75 0.25 0.5 0.8 1 1 1 0.333333 0.75 0 0 0 0 0 0 0 0 1 0 0 1 1 0 0 1 0.25 > * X]
 +       0.4315 * <0.333333 0 1 0 0 0 0 0.25 0.25 0.5 1 1 0.6 0 1 1 0.333333 0.5 0 0 1 0 0 0 0 0 0 0 0 0 1 0 1 0 1 > * X]
 +       1      * <0 0 1 0 0 0 0.8 0.25 1 1 0 0.75 0.4 1 1 1 0.666667 0.5 0 0 0 0 0 0 0 0 1 0 0 0.5 1 0 0 1 0.5 > * X]
 +       1      * <0.555556 0 0 0 1 0 0.6 0.75 0.5 0 0.75 0 0.6 0 0.4 0.5 0 0.5 1 0 0 0 0 0 0 0 0 0 0 0 1 1 0 0 1 > * X]
 -       1      * <0.444444 0 1 0 0 0 0.8 0.75 0 0.25 0.25 1 0.4 0 0.4 0 0 0 1 0 0 0 0 0 0 0 0 0 0 0 0.666667 0 1 0 0.75 > * X]
 -       1      * <0 0 1 0 0 0 0.8 0.75 0.5 0.25 0.25 0.25 1 1 0.8 0.5 0 0 1 0 0 0 0 0 0 0 0 0 0 0.5 1 0 0 1 0.75 > * X]
 +       1      * <0.444444 0 0 0 1 0 0.8 0 0.25 0.25 1 0 0.4 0 1 0.5 0.666667 0.5 0 0 1 0 0 0 0 0 0 0 0 0 1 0 1 0 0.75 > * X]
 -       1      * <0.777778 0 0 1 0 0 0.8 1 0 0.75 0.5 0.25 0.6 0 1 0.5 0 0.75 0 0 0 0 1 0 0 0 0 0 0 0 1 0 0 1 0.25 > * X]
 +       1      * <0.333333 0 1 0 0 0 0.8 0.5 0.75 0.75 1 0.25 0.2 0 0 0.5 1 0.75 0 0 0 0 0 0 0 0 1 0 0 1 1 0 0 1 0.5 > * X]
 -       1      * <0.111111 0 1 0 0 0 0.8 1 0.5 0 0.75 0.25 0.4 0 0.8 0.5 1 1 0 0 0 1 0 0 0 0 0 0 1 1 0.666667 1 0 0 0.75 > * X]
 -       1      * <0.777778 0 1 0 0 0 0.6 1 0.5 0 0 0.75 0.2 1 1 0.5 1 1 0 0 0 0 0 0 0 0 0 1 0 1 0.333333 0 0 1 0.25 > * X]
 -       1      * <0.111111 1 0 0 0 0 0 0.75 0.5 0 0.5 0.75 0.2 0 1 1 0.333333 0.75 0 0 0 0 0 0 0 0 1 0 0 0 1 0 0 1 0.75 > * X]
 -       1      * <0.555556 0 0 0 1 0 0.8 0 0.75 0.75 0.5 0.5 0.2 0 1 1 0.666667 0.5 0 0 0 0 1 0 0 0 0 0 0 0.5 1 0 0 1 1 > * X]
 -       1      * <0.777778 0 1 0 0 0 0.6 0.25 0.5 1 0 0 0.2 1 1 0.5 0.333333 0 0 0 0 0 0 0 0 0 1 0 0 0 0.666667 1 0 0 0.25 > * X]
 -       1      * <0.555556 0 1 0 0 0 0 0 0 0.5 0.75 0.75 0.2 1 1 1 0.333333 0.5 0 0 0 0 0 0 1 0 0 0 1 1 1 0 0 1 0.75 > * X]
 +       0.9067 * <0.444444 0 1 0 0 0 0.8 0.5 0.25 0 1 0.75 0.2 1 1 1 0.333333 0.75 1 0 0 0 0 0 0 0 0 0 0 0 1 0 0 1 0.25 > * X]
 -       1      * <0.444444 0 1 0 0 0 0.8 0.75 0.25 0.25 0.25 1 0.6 0 0.6 0.5 0.333333 1 0 0 0 0 0 0 0 0 1 0 1 0 1 0 0 1 1 > * X]
 -       1      * <0.222222 0 1 0 0 0 0.4 0.25 0 0.5 0.5 0.75 0.2 1 0.6 0 0.333333 0.5 0 0 1 0 0 0 0 0 0 0 0 0 0.666667 0 0 1 0.5 > * X]
 -       1      * <0.333333 0 0 1 0 0 1 1 0.5 0.75 0.25 0 0.8 1 1 1 1 1 0 0 0 0 1 0 0 0 0 0 0 0 1 0 0 1 0.25 > * X]
 -       1      * <0.222222 0 1 0 0 0 0.6 0.5 1 0 0.25 0.75 0.4 1 1 0.5 0 0.5 0 0 0 0 0 0 0 0 1 0 0 1 1 0 1 0 0 > * X]
 -       1      * <0.111111 0 0 0 1 0 0.4 0 0 1 0 0 0.2 0 0.4 0 0.333333 0.5 0 1 0 0 0 0 0 0 0 0 1 0 1 0 1 0 1 > * X]
 -       1      * <0.666667 0 0 1 0 0 0.4 0.5 0.25 0.75 0.5 1 0.2 0 1 0.5 0.333333 0.25 0 0 0 0 1 0 0 0 0 0 0 0 0 0 1 0 0.5 > * X]
 -       1      * <0 1 0 0 0 0 0.6 0 0 0 0.25 0.25 0.8 0 0.8 1 0.333333 0.5 0 0 0 0 0 0 0 0 1 0 0 0.5 0.666667 0 0 1 0.75 > * X]
 -       1      * <0.222222 0 1 0 0 0 1 0.25 0 1 0.75 0.5 0.2 1 1 1 0 0.5 0 0 0 0 0 0 1 0 0 0 1 1 1 0 1 0 0.5 > * X]
 +       1      * <0.666667 0 1 0 0 0 0.6 0.5 0.25 1 0.75 0 0.2 1 1 0.5 0.333333 0.75 0 0 0 0 0 0 0 0 0 1 0 0 1 0 0 1 0 > * X]
 +       1      * <0.333333 0 1 0 0 0 0.6 0.25 0.75 0.5 1 0 0.4 0 0.8 0 0.333333 0.75 0 1 0 0 0 0 0 0 0 0 1 0 0.666667 0 0 1 0.5 > * X]
 -       1      * <0.222222 0 0 0 1 0 0.4 0 0 0.5 0.25 1 0.2 0 1 1 0.666667 0.75 1 0 0 0 0 0 0 0 0 0 0 0 1 1 0 0 0.75 > * X]
 +       0.33   * <0.111111 0 1 0 0 0 0.4 0.75 0.25 1 0.5 0 0.2 0 1 1 0.333333 0.5 0 0 0 0 0 0 0 0 1 0 1 0 1 1 0 0 0.5 > * X]
 -       1      * <0.111111 0 0 0 1 0 0.4 1 0.5 0 0.25 0.75 0.2 0 0.8 1 0.666667 0.75 0 0 0 0 0 0 0 0 1 0 0 1 0.666667 0 0 1 0.25 > * X]
 -       1      * <0.333333 0 0 1 0 0 0.6 0.25 0.5 0.5 0.5 0 0.4 1 1 0.5 0 0.5 0 0 0 0 0 1 0 0 0 0 0 0 0.333333 0 0 1 0.5 > * X]
 -       1      * <0.444444 1 0 0 0 0 0.6 0.5 0 0.25 1 0.75 0.6 0 1 1 0.333333 0.5 0 0 0 0 0 0 0 0 0 1 0 1 1 0 0 1 0.25 > * X]
 +       1      * <0.333333 0 1 0 0 0 1 0.75 0.5 1 0 0.25 0.4 0 1 1 0.666667 0.75 0 0 1 0 0 0 0 0 0 0 1 0 0.666667 0 1 0 0.75 > * X]
 +       1      * <0.333333 0 1 0 0 0 0.6 0 1 0.75 0.5 0.25 0.4 1 1 0.5 0 0.75 1 0 0 0 0 0 0 0 0 0 0 0 0.666667 0 0 1 0.75 > * X]
 +       1      * <0.444444 0 1 0 0 0 0.4 0 0 0.75 0.25 0.25 0.4 1 1 0.5 0.333333 0.75 0 0 0 0 0 0 0 0 0 1 0 0 1 0 0 1 1 > * X]
 +       1      * <0.111111 0 1 0 0 0 0.8 1 0.25 0 0.5 0.75 0.4 0 0.6 1 0.333333 0.75 0 0 0 0 0 0 0 0 1 0 0 0 1 1 0 0 0.75 > * X]
 +       1      * <0.333333 0 1 0 0 0 0.6 0.5 0.5 0.25 0.25 0 0.4 0 1 1 0 0.5 0 0 0 0 0 1 0 0 0 0 0 0 1 0 1 0 1 > * X]
 +       0.0366 * <0.111111 0 1 0 0 0 1 1 0.5 0.75 0.25 0 0.2 0 1 0 0.333333 0.5 1 0 0 0 0 0 0 0 0 0 0 0 0.666667 1 0 0 1 > * X]
 +       1      * <0.333333 0 1 0 0 0 1 1 0.75 0.5 0 0.25 0.6 1 1 1 1 0.75 0 0 0 0 0 0 0 0 1 0 1 1 1 1 0 0 0.5 > * X]
 -       1      * <0.777778 1 0 0 0 0 0.8 0.25 0 0.5 0.75 1 0.2 1 1 1 0.333333 0.5 0 1 0 0 0 0 0 0 0 0 1 1 1 0 1 0 0.5 > * X]
 -       1      * <0.111111 0 0 0 1 0 0.8 0.5 0.25 0.5 0 0 0.2 0 1 0.5 0.333333 0.75 1 0 0 0 0 0 0 0 0 0 0 0 0.666667 0 1 0 0.25 > * X]
 +       1      * <0.222222 0 1 0 0 0 0.4 0.25 0.5 0.75 0.25 1 0 1 1 1 0.333333 0.5 1 0 0 0 0 0 0 0 0 0 0 0 0.666667 0 1 0 0.75 > * X]
 -       1      * <0.111111 0 1 0 0 0 0.6 0.5 0 1 0.75 0.5 0.2 1 1 0.5 0.333333 0.75 1 0 0 0 0 0 0 0 0 0 1 0 1 0 1 0 0.75 > * X]
 +       1      * <0.333333 0 0 1 0 0 0.6 0.5 1 0.25 0 0.75 0.6 1 1 0 0 0.75 0 0 0 0 0 1 0 0 0 0 1 0 1 0 1 0 1 > * X]
 +       1      * <0.222222 0 1 0 0 0 1 0.5 0.25 1 0 0.75 0.2 0 0.8 0.5 0 0.5 0 0 0 0 0 0 0 0 1 0 1 0 0.666667 0 1 0 0.5 > * X]
 -       1      * <0 0 1 0 0 0 0.6 0.25 0.5 0.75 0.75 0.25 0.6 1 1 1 0.333333 0.5 0 0 0 0 0 0 0 0 1 0 1 1 1 1 0 0 0.5 > * X]
 +       1      * <0.333333 0 1 0 0 0 0.8 1 0.25 0 0.5 0.75 0.2 0 0.8 1 0.666667 0.25 0 0 0 0 0 0 0 0 1 0 0 0.5 1 1 0 0 0.75 > * X]
 +       0.6115

Number of support vectors: 244

Number of kernel evaluations: 32377 (94.846% cached)

Calibration model fit to the output:
Logistic Regression with ridge parameter of 1.0E-8
Coefficients...
               Class
Variable     Neutral
====================
pred         -3.6953
Intercept     2.4845


Odds Ratios...
               Class
Variable     Neutral
====================
pred          0.0248


Classifier for classes: Satisfied, Very Satisfied

BinarySMO

 -       1      * <0.555556 0 0 0 1 0 0.4 0.25 0.25 1 0.5 1 0.2 0 1 0.5 0.333333 0.75 1 0 0 0 0 0 0 0 0 0 0 0 0.666667 0 0 1 0.25 > * X]
 +       1      * <0.666667 0 1 0 0 0 0.4 1 0.25 0.5 0.5 1 0.6 0 1 1 0 0.25 0 0 0 0 0 1 0 0 0 0 1 0 0 0 1 0 0 > * X]
 -       1      * <0.555556 0 1 0 0 0 0.8 0.25 0.5 0.75 0.5 0 0.4 1 1 1 0 0.25 0 0 0 0 0 1 0 0 0 0 0 0 0 0 1 0 0 > * X]
 -       1      * <0.555556 0 1 0 0 0 0.2 0 0.25 0.5 0.5 1 1 1 1 1 0.666667 0.75 0 0 0 0 0 0 0 0 1 0 0 0 1 0 0 1 1 > * X]
 -       1      * <0.333333 0 1 0 0 0 0.8 1 0 0.75 0.5 0.25 0.8 1 1 1 0.666667 1 0 0 1 0 0 0 0 0 0 0 0 0 1 1 0 0 0 > * X]
 +       1      * <0.222222 0 1 0 0 0 1 0.25 0.75 0.5 1 0 0.6 0 1 1 0.666667 1 1 0 0 0 0 0 0 0 0 0 1 0 1 0 0 1 0.75 > * X]
 +       1      * <0.111111 0 1 0 0 0 0.6 1 0.75 0.25 0 1 0.6 0 1 0.5 1 0.75 1 0 0 0 0 0 0 0 0 0 0 0.5 1 1 0 0 0.75 > * X]
 +       1      * <0.111111 0 1 0 0 0 0.4 0 0 0.75 0.75 1 0.2 0 1 0.5 0.333333 0.5 0 0 0 0 0 1 0 0 0 0 1 0 0.333333 0 1 0 0 > * X]
 +       1      * <0.111111 0 1 0 0 0 0.8 0.5 1 0.75 0.5 0 0.4 1 0.8 1 0.333333 0.5 0 1 0 0 0 0 0 0 0 0 0 1 1 0 0 1 0.5 > * X]
 +       1      * <0.333333 0 0 0 1 0 0.8 0 1 0.25 0.75 0.5 0.2 0 1 0.5 0.666667 0.5 1 0 0 0 0 0 0 0 0 0 0 0 1 0 0 1 0.5 > * X]
 -       1      * <0.111111 0 1 0 0 0 1 1 0.75 0.5 0.25 0 0.6 0 1 0.5 0 0.5 0 0 0 0 0 0 0 0 1 0 1 0 1 1 0 0 0.75 > * X]
 -       1      * <0.888889 0 1 0 0 0 0.4 0.25 0.25 0 0.25 0 0.2 0 0.8 0 0.666667 0.75 0 0 0 0 0 0 0 0 1 0 0 0 0.666667 0 1 0 0.25 > * X]
 -       1      * <0.444444 0 1 0 0 0 0.8 1 0.5 0.25 1 0.75 0.2 0 1 1 1 0.75 0 0 0 0 1 0 0 0 0 0 0 0 1 0 0 1 0.75 > * X]
 -       1      * <0.666667 0 1 0 0 0 0 0.75 0.5 1 0 0.25 0 1 1 1 0.333333 0.75 0 0 1 0 0 0 0 0 0 0 0 0 0 1 0 0 0.25 > * X]
 -       1      * <0.111111 0 1 0 0 0 1 0.75 0.5 1 0.25 0 0.2 0 1 1 0.333333 0.5 0 1 0 0 0 0 0 0 0 0 1 1 0.666667 0 1 0 0.5 > * X]
 +       1      * <0.222222 0 1 0 0 0 1 1 0.75 0.5 0 0.25 0.2 0 1 0.5 0.666667 0.5 1 0 0 0 0 0 0 0 0 0 0 0 0.666667 0 1 0 0.25 > * X]
 -       1      * <0.222222 0 1 0 0 0 0 0 0 0.5 0.75 1 0.6 1 1 1 0.333333 1 0 0 0 0 0 0 0 0 1 0 1 0 1 0 1 0 1 > * X]
 +       1      * <0.444444 1 0 0 0 0 0.8 1 0.5 0.25 0.5 0.25 1 0 1 1 1 0.25 0 0 0 0 0 1 0 0 0 0 0 0 1 0 1 0 0.5 > * X]
 -       0.8644 * <0.444444 0 1 0 0 0 1 0.75 1 0.75 0.5 0.5 0.4 0 0.6 0.5 0.333333 0.75 1 0 0 0 0 0 0 0 0 0 0 0 1 0 0 1 0.5 > * X]
 +       1      * <0.333333 0 1 0 0 0 0.8 0.5 0.75 0.75 1 0.25 0.2 0 0 0.5 1 0.75 0 0 0 0 0 0 0 0 1 0 0 1 1 0 0 1 0.5 > * X]
 +       1      * <0.666667 1 0 0 0 0 0.8 1 0.25 1 0.25 0.25 0.6 1 0.8 0.5 0.333333 0 0 0 0 1 0 0 0 0 0 0 0 1 1 1 0 0 0.75 > * X]
 -       1      * <0.111111 0 0 1 0 0 1 0.75 0.25 0.5 0 1 0.4 1 1 1 0.666667 0.75 0 0 0 0 1 0 0 0 0 0 1 0.5 1 0 0 1 0.75 > * X]
 +       1      * <0.444444 0 1 0 0 0 0.6 0.25 1 0 0.5 0.75 0.6 1 1 0.5 0.333333 0.75 0 0 1 0 0 0 0 0 0 0 0 0 1 0 1 0 0.5 > * X]
 +       1      * <0.333333 0 1 0 0 0 0.6 0.75 0.25 1 0 0.5 0 0 1 0 0 0.75 1 0 0 0 0 0 0 0 0 0 0 0 0.666667 0 0 1 0.75 > * X]
 -       0.1216 * <0.444444 0 0 1 0 0 0.6 0.25 0.75 0.75 0.25 0 0.2 1 1 1 0 0.5 0 0 0 0 0 0 0 0 0 1 0 1 1 0 0 1 0.75 > * X]
 +       1      * <0.555556 0 1 0 0 0 0 0.25 0.25 0.5 0.25 0.75 0.4 0 1 0.5 0.333333 0.5 0 1 0 0 0 0 0 0 0 0 1 0 1 1 0 0 0.75 > * X]
 -       1      * <0.333333 0 1 0 0 0 0.6 0.75 0.25 0 1 0.5 0.2 0 0.8 0 1 0.75 0 0 0 0 0 0 0 0 1 0 0 0 1 1 0 0 1 > * X]
 +       1      * <0.222222 0 1 0 0 0 0 0 0.75 1 0 0 0.6 1 0.4 0 0 0.5 1 0 0 0 0 0 0 0 0 0 0 0 1 1 0 0 0.75 > * X]
 +       1      * <0.666667 0 1 0 0 0 0.8 0.5 0.5 0.75 0.25 1 0 0 1 0.5 0.333333 0.75 1 0 0 0 0 0 0 0 0 0 0 0 1 0 0 1 0.5 > * X]
 +       1      * <0.666667 0 1 0 0 0 0 0.75 0.75 0 1 0.25 0.6 0 0.2 1 0.333333 0 0 0 1 0 0 0 0 0 0 0 1 1 1 0 0 1 0.75 > * X]
 +       1      * <0.333333 0 0 1 0 0 0.6 0.5 1 0.25 0 0.75 0.6 1 1 0 0 0.75 0 0 0 0 0 1 0 0 0 0 1 0 1 0 1 0 1 > * X]
 -       1      * <0 1 0 0 0 0 0.4 0 0.75 0.25 1 0.5 0.6 0 0.6 0 0 0.75 0 0 0 0 0 0 0 0 0 1 0 0.5 1 0 0 1 0.75 > * X]
 +       1      * <0.666667 0 0 0 1 0 0.8 0 0.75 1 0 0.5 0 0 1 1 0.666667 1 1 0 0 0 0 0 0 0 0 0 1 0 0.666667 0 1 0 1 > * X]
 +       1      * <0.333333 0 1 0 0 0 0.8 0.5 0.75 0.75 1 0.25 0.2 0 0 0.5 1 0.75 0 0 0 0 0 0 0 0 1 0 0 1 1 0 0 1 0.5 > * X]
 -       1      * <0.111111 0 0 1 0 0 0 0.75 0 0.5 1 0.5 0.6 0 1 1 0.666667 1 0 0 0 0 0 0 0 0 1 0 0 0 1 0 0 1 0.75 > * X]
 +       1      * <0.555556 0 1 0 0 0 0.6 0.25 0.5 1 0 1 0 0 1 0.5 0.333333 1 0 0 0 0 0 0 0 0 1 0 0 0 1 1 0 0 1 > * X]
 +       1      * <0.333333 0 1 0 0 0 0.8 1 0.25 1 1 0 0.4 0 1 0.5 1 0.5 0 0 0 0 0 0 0 0 0 1 0 1 1 0 0 1 1 > * X]
 +       1      * <0.444444 0 1 0 0 0 1 1 0.5 0.75 0 0.25 0.4 1 1 1 1 1 0 0 1 0 0 0 0 0 0 0 1 0 1 0 0 1 1 > * X]
 +       1      * <0.666667 0 1 0 0 0 0 0 0 0 0 0.75 0 0 1 0 0 0.25 0 0 0 0 0 1 0 0 0 0 0 0 0 0 0 1 0 > * X]
 +       1      * <0.333333 0 1 0 0 0 1 0.5 0.25 0.75 0 1 0.2 1 1 1 0.666667 0.75 0 0 0 0 0 0 0 0 1 0 1 0 0.333333 1 0 0 0.75 > * X]
 -       0.3003 * <0.555556 0 0 0 1 0 0.6 0 0.75 1 0.25 0.5 0.4 0 1 0.5 0.333333 0.25 1 0 0 0 0 0 0 0 0 0 1 0 1 0 0 1 0.25 > * X]
 -       1      * <0.444444 0 1 0 0 0 0.8 0.75 1 0.75 0.25 0 0.8 0 0.8 0.5 0.333333 0.75 1 0 0 0 0 0 0 0 0 0 1 0 1 0 1 0 0.75 > * X]
 +       1      * <0.333333 0 0 0 1 0 0.6 0.5 0.25 1 0.75 0 0.4 1 1 0.5 0.333333 0.5 1 0 0 0 0 0 0 0 0 0 1 0 1 0 0 1 1 > * X]
 +       1      * <0.222222 0 0 0 1 0 1 1 0.25 0.75 0.5 0 0.2 0 1 1 0 0.5 1 0 0 0 0 0 0 0 0 0 0 0 0.666667 1 0 0 0.75 > * X]
 +       1      * <0.333333 0 1 0 0 0 0.4 1 0.5 0.75 1 0 0.4 1 1 0.5 0.333333 0.5 1 0 0 0 0 0 0 0 0 0 0 0 0.666667 0 1 0 0.5 > * X]
 -       1      * <0.333333 0 1 0 0 0 0.8 0.25 0.75 0 0.75 0.5 0.4 1 1 1 0.666667 0.75 0 0 0 0 0 0 0 0 1 0 0 0 1 0 0 1 0.5 > * X]
 -       1      * <0.444444 0 0 0 1 0 0.8 0.75 0.75 0.75 0 0 0.8 0 0.6 0.5 0.333333 0.75 1 0 0 0 0 0 0 0 0 0 1 0 1 0 1 0 0.5 > * X]
 -       1      * <0.111111 0 0 0 0 1 0 0 0 0.25 1 1 0.4 1 1 1 0.333333 0.75 0 0 0 0 0 0 0 0 1 0 0 1 1 0 0 1 1 > * X]
 -       1      * <0.222222 0 1 0 0 0 0.4 0.75 0.25 1 0.5 0 0.4 1 0.6 0.5 0.333333 1 0 0 0 0 0 0 1 0 0 0 0 0 0.666667 0 1 0 0.25 > * X]
 +       1      * <0.444444 1 0 0 0 0 1 0 0 0.25 0.5 0.25 0.4 0 0 0.5 0.333333 1 0 1 0 0 0 0 0 0 0 0 0 0 1 0 0 1 0.75 > * X]
 -       1      * <0.555556 0 1 0 0 0 0.2 0 0.25 0 0.5 0.25 0.4 0 0.4 0 0 0 0 0 0 0 0 0 0 0 1 0 0 0.5 1 1 0 0 1 > * X]
 -       1      * <0.111111 0 0 0 1 0 0 0 0.5 0 0.5 0.5 0.6 0 1 1 0 0.5 0 0 0 0 0 0 0 0 1 0 0 1 1 0 1 0 0.75 > * X]
 -       1      * <0.444444 0 1 0 0 0 0.8 0.5 0.75 0 1 0.25 0.4 1 1 1 0.333333 0.5 0 0 1 0 0 0 0 0 0 0 1 0.5 1 0 0 1 0.75 > * X]
 -       1      * <0.333333 0 1 0 0 0 0.6 0.5 1 0 0.75 1 0.4 1 1 0.5 0 0.5 0 0 0 1 0 0 0 0 0 0 0 0.5 1 1 0 0 1 > * X]
 +       1      * <0.333333 0 1 0 0 0 0.6 0 0.25 0.75 1 0.5 0.2 1 1 1 0 0.5 0 0 0 0 0 0 1 0 0 0 1 1 1 1 0 0 0.25 > * X]
 +       1      * <0.555556 0 0 1 0 0 0 0 0.25 0.5 0.75 1 0.2 1 1 1 1 0.75 0 0 0 0 1 0 0 0 0 0 1 0 1 0 0 1 1 > * X]
 +       1      * <0.333333 0 0 1 0 0 0 0 0 0.25 0.5 1 0.2 0 0.4 0 0 0.25 0 0 0 0 1 0 0 0 0 0 0 0 0.333333 0 0 1 0 > * X]
 +       1      * <0.222222 0 1 0 0 0 0.8 0.5 0.25 0.75 1 0 0.4 1 1 0.5 0.333333 0.5 0 0 0 0 0 0 0 0 0 1 0 0 1 0 0 1 0.75 > * X]
 -       1      * <0.666667 0 1 0 0 0 0.6 0.5 0 0.75 0 0.75 0.4 0 1 1 0.333333 0.5 0 0 0 0 0 0 0 0 1 0 0 0 1 0 0 1 0.5 > * X]
 +       1      * <0.111111 0 1 0 0 0 1 0.5 1 0.5 0 0.5 1 0 1 1 0.333333 0.5 0 0 0 0 1 0 0 0 0 0 1 0 1 0 0 1 0.75 > * X]
 +       1      * <0.222222 0 1 0 0 0 0 0 0 0.25 0 1 0.2 1 1 1 0.666667 0.75 0 0 0 0 0 0 0 0 1 0 0 0 1 0 0 1 0.25 > * X]
 +       1      * <0.555556 0 0 1 0 0 0 0 0 0 1 0.5 0.4 0 0.8 0.5 0 0.25 0 0 0 0 1 0 0 0 0 0 0 0 0.666667 0 1 0 0.5 > * X]
 -       1      * <0.111111 0 1 0 0 0 0.6 1 0.75 0.25 0.25 1 0.4 1 1 0.5 0.333333 0.25 0 0 0 0 0 0 0 0 0 1 0 0 1 0 0 1 0.75 > * X]
 -       0.4426 * <0.444444 0 1 0 0 0 1 0.5 0.75 1 0.75 0 0.2 0 1 0.5 0.333333 0.5 0 0 0 0 0 0 0 0 1 0 0 0.5 1 0 0 1 0.75 > * X]
 +       1      * <0.333333 0 1 0 0 0 0.6 0.75 0.25 0 0 1 0.4 0 1 1 0.333333 1 0 0 0 0 1 0 0 0 0 0 1 0.5 0.666667 1 0 0 0.25 > * X]
 +       1      * <0.111111 0 1 0 0 0 1 1 0.5 0.75 0.25 0 0.6 0 1 1 0 0.5 1 0 0 0 0 0 0 0 0 0 1 0 1 1 0 0 0.75 > * X]
 +       1      * <0.222222 0 1 0 0 0 0.8 1 1 1 0.25 1 0.4 0 1 0.5 0.333333 0.5 1 0 0 0 0 0 0 0 0 0 0 0 1 0 1 0 1 > * X]
 +       1      * <0.444444 0 0 0 1 0 0.4 0.5 0.25 1 1 1 0.4 1 1 1 1 0.25 1 0 0 0 0 0 0 0 0 0 0 1 0 1 0 0 0 > * X]
 +       1      * <0.111111 0 1 0 0 0 1 0.5 0 0.75 0.25 1 0.6 0 1 0.5 0.666667 1 0 0 0 0 0 0 0 0 1 0 0 0 1 0 1 0 1 > * X]
 -       1      * <0.777778 0 0 0 1 0 1 0.75 0 1 0.25 0.5 0.4 0 1 1 0.666667 0.5 1 0 0 0 0 0 0 0 0 0 1 0 0.666667 0 0 1 0.25 > * X]
 +       1      * <0.333333 0 1 0 0 0 0 0 0 0.5 1 0.25 0.4 0 1 0.5 0 0.5 0 0 0 0 0 0 0 0 0 1 0 0 1 1 0 0 0.75 > * X]
 +       1      * <0.555556 0 0 0 1 0 0.8 1 0.75 1 0.25 0 0.8 0 0.6 1 0 0.75 0 0 0 0 0 0 0 0 1 0 0 0 1 0 1 0 0.75 > * X]
 -       1      * <0 1 0 0 0 0 0.6 0.25 0.5 0.75 1 1 0.4 1 1 0.5 0.333333 0.5 0 1 0 0 0 0 0 0 0 0 1 0.5 1 0 0 1 0.75 > * X]
 -       1      * <0.111111 0 1 0 0 0 0 0 0 0 0 1 0 0 1 1 0.333333 0.5 1 0 0 0 0 0 0 0 0 0 0 0 0.666667 0 0 1 0.25 > * X]
 -       1      * <0.222222 0 1 0 0 0 0.8 1 0 0.5 0.5 0.25 0.4 0 1 0.5 0.666667 0.75 1 0 0 0 0 0 0 0 0 0 0 0 0.666667 0 0 1 0.5 > * X]
 -       0.3276 * <0.333333 0 1 0 0 0 0.8 1 0.75 0.25 0 0.5 0.6 1 1 1 0.666667 0.25 1 0 0 0 0 0 0 0 0 0 0 0.5 1 0 0 1 0.5 > * X]
 +       1      * <0.333333 0 0 0 1 0 0.6 0.25 0.5 0 1 0.75 1 1 1 1 0.666667 0.75 1 0 0 0 0 0 0 0 0 0 1 0 1 0 0 1 0.5 > * X]
 -       0.1097 * <0.555556 0 1 0 0 0 0.8 1 0.5 0.25 0 0.75 0.6 1 1 1 0.333333 0.75 0 0 0 0 0 0 0 0 1 0 0 0 1 0 1 0 0.5 > * X]
 -       1      * <0.111111 0 1 0 0 0 0.6 0.75 0.25 1 0 0 0.4 0 1 0.5 0.333333 1 0 0 0 0 0 0 0 0 1 0 0 0 1 1 0 0 0.25 > * X]
 -       1      * <0.555556 0 1 0 0 0 0.2 0.25 0.25 0.25 0 0 0.6 1 1 0 0 0.75 0 0 0 0 0 0 0 0 1 0 0 0.5 1 0 1 0 0.75 > * X]
 +       1      * <0.555556 0 0 1 0 0 0 0 0 0 0 0.5 0.2 0 0.8 0 0 0.5 0 0 0 0 1 0 0 0 0 0 0 0 0.666667 0 0 1 0.5 > * X]
 -       1      * <0.333333 0 1 0 0 0 0.8 0.75 0.75 0.5 0.25 0.25 0.2 0 1 0.5 0.333333 0.5 1 0 0 0 0 0 0 0 0 0 0 0 1 1 0 0 0.75 > * X]
 +       1      * <0.333333 0 1 0 0 0 1 0.75 0.5 1 0 0.25 0.4 0 1 1 0.666667 0.75 0 0 1 0 0 0 0 0 0 0 1 0 0.666667 0 1 0 0.75 > * X]
 +       1      * <0.555556 0 1 0 0 0 0 0 0 0.25 0.75 1 0.2 0 1 0.5 0.333333 0.75 0 0 0 0 0 1 0 0 0 0 0 0 0 0 0 1 0 > * X]
 -       1      * <0.222222 0 1 0 0 0 0.8 0 1 0 1 0.75 0.4 0 1 0.5 0.333333 0.5 0 0 0 0 0 0 0 0 0 1 0 0 1 1 0 0 0.75 > * X]
 -       1      * <0.333333 0 0 0 1 0 0.6 0 0.75 1 0.25 0.5 0.6 0 0.8 1 0.333333 0.5 1 0 0 0 0 0 0 0 0 0 1 0 0.666667 0 1 0 0.5 > * X]
 -       1      * <0.333333 0 0 0 1 0 0.6 0.5 1 0 0.25 0.75 0.4 1 1 0.5 0.333333 0.25 1 0 0 0 0 0 0 0 0 0 0 0 1 0 1 0 0.75 > * X]
 +       1      * <0.111111 0 1 0 0 0 0 0 0 0.5 0.5 0 0.6 1 1 0.5 0 0.5 1 0 0 0 0 0 0 0 0 0 0 0.5 1 0 0 1 0.75 > * X]
 +       1      * <0.222222 0 1 0 0 0 0.4 0.25 0.5 0.75 0.25 1 0 1 1 1 0.333333 0.5 1 0 0 0 0 0 0 0 0 0 0 0 0.666667 0 1 0 0.75 > * X]
 -       1      * <0.777778 0 0 1 0 0 0.6 0 0.25 0.75 0.5 1 0.4 1 1 1 1 0.75 0 0 0 0 1 0 0 0 0 0 0 0 1 0 1 0 0.5 > * X]
 -       1      * <0.333333 0 1 0 0 0 0.2 0 0.5 0.5 0.25 0.5 0.4 1 1 0.5 0.333333 0 0 0 0 0 0 0 0 0 1 0 0 0.5 1 1 0 0 0.5 > * X]
 +       1      * <0.111111 0 1 0 0 0 0.8 1 0.25 0 0.5 0.75 0.4 0 0.6 1 0.333333 0.75 0 0 0 0 0 0 0 0 1 0 0 0 1 1 0 0 0.75 > * X]
 -       1      * <0.222222 0 1 0 0 0 0.8 0 0.5 0.5 0.25 0.5 0.2 0 0.6 0.5 0.333333 0.5 0 0 0 0 0 0 0 0 1 0 1 0.5 1 0 0 1 0.75 > * X]
 -       0.8    * <0.666667 0 1 0 0 0 0.8 0.5 1 0.75 0.75 0.25 0.4 1 0.8 1 0 0.5 0 0 0 0 0 0 1 0 0 0 1 0 1 0 0 1 0.75 > * X]
 -       1      * <0.444444 0 1 0 0 0 0.4 0.25 0 0.25 0.75 1 0.6 0 0.4 0 0 0.25 0 0 0 0 0 1 0 0 0 0 0 0 0.333333 0 1 0 0 > * X]
 -       1      * <0.333333 1 0 0 0 0 0.8 0 0 0.5 0.25 1 0.2 0 1 1 0 0.75 0 1 0 0 0 0 0 0 0 0 0 0.5 1 0 0 1 0.75 > * X]
 +       1      * <0.111111 0 1 0 0 0 0.8 0.75 0.25 0.5 0.5 0.5 0.2 1 1 1 0.333333 0.25 0 0 0 0 1 0 0 0 0 0 1 0 1 0 1 0 0.75 > * X]
 -       1      * <0.777778 0 1 0 0 0 0.6 0.5 1 0.75 0.5 0 0.4 1 1 0.5 0.333333 0.5 0 0 0 0 0 0 0 0 1 0 1 0 0 1 0 0 0 > * X]
 -       1      * <0.222222 0 1 0 0 0 0.6 0.25 0.75 0.5 0.5 0.75 0.2 0 1 1 0.333333 0.5 0 0 0 1 0 0 0 0 0 0 0 0 1 0 0 1 0.5 > * X]
 -       0.1341 * <0.222222 0 1 0 0 0 1 1 0.75 0 0 0.5 0.2 1 1 1 0.333333 0.5 0 0 1 0 0 0 0 0 0 0 0 0.5 1 0 1 0 1 > * X]
 -       1      * <0.333333 0 0 1 0 0 0.4 0.75 0.5 0.75 0.75 0.75 0.2 1 0.4 0.5 0.333333 0.5 0 0 0 0 1 0 0 0 0 0 1 0 0.666667 1 0 0 0.75 > * X]
 +       1      * <0.222222 0 1 0 0 0 0.8 0.5 0.25 1 0.75 0 0.2 1 1 1 1 1 0 0 0 0 0 0 0 0 1 0 0 0 1 0 1 0 0.75 > * X]
 -       0.0307 * <0.555556 0 1 0 0 0 0.8 0.75 0 0.25 0.5 1 0.6 1 1 0.5 0.333333 0.75 0 0 0 0 0 0 0 0 1 0 0 0.5 1 0 0 1 0.25 > * X]
 -       1      * <0.333333 0 0 0 1 0 0.6 0.25 0.75 0.5 1 0 0.4 1 0.8 0 0 0.25 1 0 0 0 0 0 0 0 0 0 1 0 1 0 1 0 1 > * X]
 -       1      * <0.555556 0 1 0 0 0 0.6 0.5 0.75 0.5 0 0 0.4 0 0.6 0.5 0.666667 0.5 0 0 1 0 0 0 0 0 0 0 0 0.5 1 0 0 1 0.5 > * X]
 +       1      * <0.444444 0 1 0 0 0 0.8 0.5 0.25 1 0.75 0 0.2 0 1 0 0 0.5 0 0 0 0 0 0 0 0 1 0 0 0 0.666667 1 0 0 0.75 > * X]
 +       1      * <0.333333 0 0 1 0 0 0.6 0.25 0.75 0.75 0 0.5 0.6 1 1 1 1 1 0 0 0 0 0 0 0 0 1 0 0 0.5 1 0 0 1 1 > * X]
 +       1      * <0.333333 0 1 0 0 0 0.8 1 0.25 0 0.5 0.75 0.2 0 0.8 1 0.666667 0.25 0 0 0 0 0 0 0 0 1 0 0 0.5 1 1 0 0 0.75 > * X]
 +       1      * <0.222222 0 1 0 0 0 0 0.75 0.75 0.5 0.25 0.5 0.2 0 1 1 1 1 0 0 0 0 0 0 0 0 1 0 0 0 1 0 1 0 1 > * X]
 +       1      * <0.333333 0 1 0 0 0 1 0.75 0.5 1 0.25 0 0.4 1 1 1 0.333333 0.75 0 0 0 0 0 0 0 0 1 0 0 0 1 1 0 0 0.75 > * X]
 -       0.8393 * <0.111111 0 1 0 0 0 1 0.75 0.75 1 0 0.25 0.4 0 1 0 0.333333 0.5 1 0 0 0 0 0 0 0 0 0 0 0 1 0 0 1 1 > * X]
 -       1      * <0.222222 0 1 0 0 0 1 1 0.5 0.75 0 0.25 0.4 0 1 1 0.666667 0.75 0 0 0 0 0 0 0 0 0 1 0 0 1 1 0 0 1 > * X]
 +       1      * <0.444444 0 0 1 0 0 0.6 0.25 1 0.75 0.5 0 0.2 1 0.8 0.5 1 0.75 0 0 0 0 0 0 0 0 1 0 1 0 0.666667 0 0 1 0 > * X]
 +       1      * <0.444444 0 1 0 0 0 0 0 0 0 1 0 0.4 1 0.8 0.5 0 0 0 0 0 0 1 0 0 0 0 0 0 0 1 0 0 1 0 > * X]
 -       1      * <0.222222 0 1 0 0 0 0.8 0.75 0.75 0.75 0 0 0.4 0 0.8 0 0 0.75 0 0 0 0 0 0 0 1 0 0 1 1 0.666667 0 1 0 1 > * X]
 +       1      * <0.555556 0 0 0 1 0 1 0.5 0 0.25 0.5 0 0.2 0 1 1 0.666667 0.75 1 0 0 0 0 0 0 0 0 0 0 0.5 1 0 0 1 0.75 > * X]
 -       1      * <0.111111 0 1 0 0 0 0.8 0.5 0.25 0.25 1 1 1 0 0.8 1 0.333333 0.5 0 0 0 0 0 0 0 0 0 1 0 0.5 1 0 1 0 1 > * X]
 -       1      * <0.444444 0 1 0 0 0 0.8 0.5 0.75 0.5 0 0.5 0.2 0 1 0.5 0.333333 0.5 0 0 1 0 0 0 0 0 0 0 1 0 1 0 0 1 0.75 > * X]
 -       0.0926 * <0.777778 0 1 0 0 0 0.8 0.5 0.25 1 0 0.75 0.2 1 1 1 0 0.5 1 0 0 0 0 0 0 0 0 0 0 0 1 1 0 0 1 > * X]
 -       1      * <0.333333 0 1 0 0 0 0.4 0 0.5 0.5 1 1 0 0 0.4 0.5 0.333333 0.5 0 0 0 0 0 0 1 0 0 0 0 0 1 0 0 1 0.75 > * X]
 -       1      * <0.666667 0 1 0 0 0 0.6 0.75 1 0 0.25 0.5 0.2 1 1 1 0.333333 0.75 0 0 0 0 0 0 0 0 1 0 1 0 1 0 1 0 0.5 > * X]
 +       1      * <0.111111 1 0 0 0 0 0.2 0 0 0 0 0 0.2 0 0.4 0 1 0.5 0 0 0 0 0 0 0 0 1 0 0 0.5 1 1 0 0 0 > * X]
 -       1      * <0.444444 0 1 0 0 0 0.6 0.5 1 0.75 0.75 1 0 0 0.6 0 1 0.75 0 0 0 0 0 0 0 0 1 0 0 0.5 1 0 0 1 1 > * X]
 +       1      * <0.111111 0 1 0 0 0 0.6 0 0.25 0 0.75 0.75 0.6 1 0.6 1 0.666667 0.5 0 0 1 0 0 0 0 0 0 0 1 0 1 0 0 1 0.5 > * X]
 +       1      * <0.222222 0 1 0 0 0 0.8 0.5 0.25 0.75 1 0 0.4 1 1 0 0.666667 0.75 0 0 0 0 0 0 0 0 1 0 0 0 1 1 0 0 0.75 > * X]
 +       1      * <0.111111 0 1 0 0 0 0.4 0.75 0.25 1 0.5 0 0.2 0 1 1 0.333333 0.5 0 0 0 0 0 0 0 0 1 0 1 0 1 1 0 0 0.5 > * X]
 -       1      * <0.222222 0 1 0 0 0 0 0 0 0.5 0.25 1 0.4 1 1 1 1 0.75 0 0 0 0 0 0 0 0 1 0 0 0 1 0 0 1 0.75 > * X]
 -       1      * <0.555556 0 1 0 0 0 0.8 0.25 1 0.75 0 0 0.2 0 1 0.5 0.666667 0.5 0 0 0 0 0 0 0 0 0 1 0 0 1 1 0 0 1 > * X]
 -       1      * <0.777778 0 1 0 0 0 0 0.25 0.25 0.5 0 0.75 0 0 1 0.5 0.333333 0.5 0 0 0 0 0 0 0 0 1 0 0 0 1 0 0 1 1 > * X]
 +       1      * <0.666667 1 0 0 0 0 0.8 0.5 0.25 0.5 0 1 0.4 0 0.4 0.5 0 0.5 0 0 0 0 0 0 1 0 0 0 0 0.5 1 0 1 0 0.75 > * X]
 -       0.842  * <0.222222 0 0 0 1 0 0.6 0 0.25 1 0.5 0.75 0.6 1 1 0.5 0 0.25 1 0 0 0 0 0 0 0 0 0 0 0.5 1 0 1 0 0.75 > * X]
 +       1      * <0.777778 0 0 1 0 0 0 0 0 0.5 0.5 1 0.2 1 1 1 0.333333 0.75 0 0 0 0 1 0 0 0 0 0 1 0 0.666667 1 0 0 0.25 > * X]
 -       0.8229 * <0.777778 0 1 0 0 0 0.8 0.5 0.25 1 0 0.75 0.2 1 1 1 0 0.5 1 0 0 0 0 0 0 0 0 0 0 0 1 1 0 0 1 > * X]
 +       1      * <0.222222 0 1 0 0 0 0.6 0.5 0 1 0.25 0.75 0.4 1 1 0.5 0.666667 0.75 0 0 1 0 0 0 0 0 0 0 1 0 0.666667 0 1 0 0.25 > * X]
 -       1      * <0.333333 0 1 0 0 0 0.6 0.25 0.5 1 0.75 0 0.6 0 1 1 0 0.75 1 0 0 0 0 0 0 0 0 0 0 0 1 0 0 1 0.75 > * X]
 -       1      * <0.222222 0 1 0 0 0 0.6 1 0.5 0 0.75 0.25 0.6 1 1 1 0.666667 1 0 0 0 0 0 0 0 0 1 0 0 1 1 0 0 1 0.5 > * X]
 -       1      * <0.444444 0 0 0 1 0 0.8 1 0.75 0.75 0.5 0.5 0.6 1 0.8 0.5 0.333333 0.75 1 0 0 0 0 0 0 0 0 0 1 0 1 0 0 1 0.75 > * X]
 -       1      * <0.111111 0 0 0 1 0 0.8 1 0.5 0 0.75 0.25 0.6 0 1 1 0.666667 0.5 1 0 0 0 0 0 0 0 0 0 1 0 1 0 0 1 0.75 > * X]
 +       1      * <0.222222 0 1 0 0 0 0.8 1 1 0.75 0 0.5 0.6 0 1 1 0.333333 0.75 1 0 0 0 0 0 0 0 0 0 0 0 0.333333 0 0 1 0.75 > * X]
 -       1      * <0.222222 0 1 0 0 0 0.6 0 0.25 0.75 1 0.5 0.2 1 1 1 0.666667 0.5 0 0 0 0 0 0 0 0 1 0 0 0.5 1 0 0 1 0.75 > * X]
 +       1      * <0.222222 0 0 0 1 0 1 1 0.25 0.75 0 0.5 0.6 0 0.8 1 0.333333 0.5 1 0 0 0 0 0 0 0 0 0 1 0 0.666667 0 1 0 0.5 > * X]
 -       1      * <0.222222 0 1 0 0 0 0.8 0 0.25 1 0.75 0.5 0.4 0 1 1 0 0.25 0 0 0 0 0 1 0 0 0 0 0 0 0 0 0 1 0.5 > * X]
 -       0.6762 * <0.777778 0 1 0 0 0 0.4 0.75 0.5 0.25 0 1 0.4 1 1 0.5 0.333333 0.75 0 0 0 0 0 0 0 0 0 1 0 0 1 0 0 1 0.5 > * X]
 +       1      * <0.333333 0 0 1 0 0 0.8 0.25 1 0.5 0.5 0.75 0.2 0 0.8 0 0.666667 0.5 0 0 0 0 1 0 0 0 0 0 1 0 0.666667 1 0 0 0.75 > * X]
 -       1      * <0.222222 0 1 0 0 0 0.8 0.75 0 1 0.25 0.5 0.6 0 1 0.5 0.666667 1 0 0 0 0 0 0 0 0 1 0 1 0.5 1 1 0 0 0.5 > * X]
 -       1      * <0.111111 0 1 0 0 0 0.8 0.75 1 0.5 0.25 0 0.6 1 1 1 0.666667 0.75 1 0 0 0 0 0 0 0 0 0 0 0 0.666667 0 0 1 0.75 > * X]
 +       1      * <0.444444 0 1 0 0 0 0.8 0.25 1 0.75 0.25 0.25 0.4 1 1 0.5 0.333333 0.75 1 0 0 0 0 0 0 0 0 0 0 0 1 0 0 1 0.75 > * X]
 -       1      * <0.333333 0 0 0 1 0 0.8 0 0.75 0.5 0 0.25 0.4 0 1 1 1 0.25 0 0 0 0 0 0 1 0 0 0 1 0 1 0 0 1 1 > * X]
 +       1      * <0.111111 0 0 0 1 0 0.6 0 0.75 0.25 1 0.5 0.8 1 1 0.5 0.333333 0.5 0 0 1 0 0 0 0 0 0 0 0 0 1 0 0 1 0.25 > * X]
 -       0.9958 * <0.111111 0 1 0 0 0 0.2 0 0.25 0.75 0.75 1 0.6 0 1 1 0 0.25 0 0 0 0 0 0 0 0 1 0 1 0.5 1 0 0 1 1 > * X]
 +       1      * <0.111111 0 0 0 1 0 0.6 0.5 0.75 0 1 0.25 1 1 1 1 0.666667 0.5 1 0 0 0 0 0 0 0 0 0 0 0 1 0 1 0 1 > * X]
 -       1      * <0.111111 0 0 0 1 0 0.6 0.25 1 0.5 0 0.75 0 1 1 0.5 0.333333 0.5 1 0 0 0 0 0 0 0 0 0 1 0 0.666667 0 1 0 0.5 > * X]
 +       1      * <0.222222 0 0 1 0 0 0.4 0 0.75 1 0 0.25 0.4 0 1 1 0 0.25 0 0 0 0 0 0 0 0 1 0 0 0 1 0 1 0 1 > * X]
 -       0.0034 * <0.333333 0 1 0 0 0 0.8 0.25 1 0.75 0.5 0 0.4 1 1 0 0 0.5 0 0 0 0 0 0 0 0 1 0 0 0 1 1 0 0 0.75 > * X]
 +       1      * <0.222222 0 1 0 0 0 0.8 0.25 0 1 0.75 0.5 0.4 1 1 0.5 1 0.5 0 1 0 0 0 0 0 0 0 0 1 0 0.666667 0 1 0 0.25 > * X]
 -       1      * <0.555556 0 1 0 0 0 0.8 0.25 0.75 0.5 0.5 0 0.2 0 0.6 1 0.333333 0.75 0 0 1 0 0 0 0 0 0 0 1 1 1 0 1 0 0.75 > * X]
 -       1      * <0.222222 0 1 0 0 0 0.8 0.5 0.75 0.75 0.5 0.25 0.6 0 1 0.5 0.666667 0.5 1 0 0 0 0 0 0 0 0 0 0 0 1 0 0 1 0.5 > * X]
 +       1      * <0.777778 0 1 0 0 0 0 0 0 0 0.25 1 0.4 0 1 0.5 0 0.25 0 0 0 0 0 0 0 0 1 0 0 0 1 0 1 0 1 > * X]
 -       1      * <0.111111 0 0 0 1 0 0.8 0.5 0.25 0.75 0.5 0 0.6 1 1 0.5 0.666667 0.5 1 0 0 0 0 0 0 0 0 0 1 0.5 1 0 1 0 0.5 > * X]
 +       1      * <0.444444 0 0 0 1 0 0.8 0 0.25 0.25 1 0 0.4 0 1 0.5 0.666667 0.5 0 0 1 0 0 0 0 0 0 0 0 0 1 0 1 0 0.75 > * X]
 +       1      * <0.222222 0 1 0 0 0 0.6 1 0.5 0 0.75 0.25 0.2 1 1 0 0.666667 0.75 0 0 0 0 0 0 0 0 1 0 0 0 1 0 0 1 0.75 > * X]
 +       1      * <0.333333 0 0 0 1 0 1 1 0.75 0.5 0 0.25 0.6 0 1 0.5 0.333333 0.25 1 0 0 0 0 0 0 0 0 0 0 0 0.666667 1 0 0 0.25 > * X]
 +       1      * <0.333333 0 1 0 0 0 0.6 0 1 0.75 0.5 0.25 0.4 1 1 0.5 0 0.75 1 0 0 0 0 0 0 0 0 0 0 0 0.666667 0 0 1 0.75 > * X]
 -       1      * <0.222222 0 1 0 0 0 0.4 0.75 0 0.5 0.5 0.25 0.2 0 0.4 0.5 0 0.5 0 0 0 0 0 0 0 0 0 1 0 0.5 0.666667 1 0 0 0.5 > * X]
 +       1      * <0.222222 0 0 1 0 0 0.6 0.5 0.75 0.5 0.25 0.5 0.2 0 0.6 0.5 0.333333 0.5 0 0 0 0 1 0 0 0 0 0 0 0 0.333333 0 1 0 0 > * X]
 -       0.2126 * <0.444444 1 0 0 0 0 0 1 1 0 0.75 1 0.2 1 1 1 0 0.5 0 0 0 0 0 0 0 0 1 0 0 0 1 0 0 1 0.5 > * X]
 -       1      * <0.222222 0 1 0 0 0 1 1 0.5 0.75 0.25 0 0.4 0 1 0.5 0.333333 0.75 0 0 0 0 0 0 0 0 1 0 0 0.5 0.666667 0 1 0 0.75 > * X]
 +       1      * <0.111111 0 1 0 0 0 0.6 1 0.75 0 0.25 1 0.4 1 0.2 0.5 0.333333 0.25 1 0 0 0 0 0 0 0 0 0 0 1 0.666667 1 0 0 0.5 > * X]
 -       1      * <0.111111 0 1 0 0 0 0.8 0.75 0.5 1 0.25 0 0.4 0 1 0 1 0.75 0 0 0 0 0 0 0 0 1 0 0 0 1 1 0 0 1 > * X]
 -       0.9557 * <0.111111 0 1 0 0 0 0.6 0 0.5 0.75 0.25 1 0 0 1 1 0.666667 0.5 0 0 0 0 0 0 0 0 1 0 0 0.5 1 0 1 0 0.75 > * X]
 -       1      * <0.333333 0 1 0 0 0 0.8 0.5 1 0 0.75 0.25 0.2 0 1 1 0 0.25 0 0 0 0 0 0 0 0 1 0 0 0 1 0 1 0 0.5 > * X]
 +       1      * <0.444444 0 1 0 0 0 1 0.75 0.25 0 1 0.5 0.4 1 1 1 0.333333 0.5 0 0 0 0 0 0 0 0 0 1 0 0 1 0 0 1 0.75 > * X]
 +       1      * <0.222222 0 1 0 0 0 0.8 0.5 0.25 0.75 1 0 0.4 1 1 0.5 0.333333 0.5 0 0 0 0 0 0 0 0 0 1 0 0 1 0 0 1 0.75 > * X]
 +       1      * <0.111111 0 0 1 0 0 0.6 0.75 0.75 0.75 0 0.5 0.2 0 1 0 0 0.75 0 0 0 0 0 0 0 0 1 0 0 1 1 0 0 1 0.75 > * X]
 +       1      * <0.111111 0 0 0 1 0 0.8 0 0.75 0.25 0.5 1 0.2 1 1 0.5 0.666667 0.5 1 0 0 0 0 0 0 0 0 0 1 0 0.666667 1 0 0 0.75 > * X]
 +       1      * <0.666667 0 1 0 0 0 0.6 0.5 0.25 1 0.75 0 0.2 1 1 0.5 0.333333 0.75 0 0 0 0 0 0 0 0 0 1 0 0 1 0 0 1 0 > * X]
 -       1      * <0.111111 0 1 0 0 0 0.8 1 0.25 0 0.75 0.5 0.4 0 1 0.5 0.333333 0.5 0 0 0 0 0 0 0 0 1 0 0 0 0.666667 1 0 0 0.75 > * X]
 -       1      * <0.666667 0 1 0 0 0 1 0.75 0 0.25 0 0.25 0.6 0 0.4 1 0.333333 0.75 0 0 0 0 0 0 0 0 1 0 0 0 1 0 0 1 0.75 > * X]
 -       1      * <0.333333 0 1 0 0 0 0.6 1 0.25 0.75 0 0.5 0.2 1 1 0.5 0.333333 0.5 0 0 0 0 0 0 0 0 1 0 0 0 0.666667 1 0 0 0.25 > * X]
 -       1      * <0.111111 0 1 0 0 0 0.8 0.75 0.25 0 0.5 1 0.4 0 0.8 0.5 0 0.5 0 0 0 0 0 0 0 0 1 0 0 0 1 1 0 0 0.75 > * X]
 -       1      * <0.222222 0 0 1 0 0 0 0.75 1 0.5 0 0.75 0.2 0 1 1 0.333333 0.5 1 0 0 0 0 0 0 0 0 0 1 1 0.666667 0 1 0 0.5 > * X]
 -       1      * <0.111111 0 1 0 0 0 1 0.5 0.25 0 0 0.25 0.4 1 0.8 0 0.666667 0.75 0 0 0 0 0 0 0 0 1 0 0 0 1 0 0 1 1 > * X]
 -       1      * <0.111111 0 1 0 0 0 0.6 1 0.25 0.75 0 0.5 0.4 0 1 0 0 0.5 0 0 0 0 0 0 0 0 1 0 0 0 1 1 0 0 0.75 > * X]
 +       1      * <0.444444 0 1 0 0 0 0.8 0.75 0.75 0.75 0.5 1 0.4 0 1 1 0.666667 0.75 0 0 1 0 0 0 0 0 0 0 1 0 1 0 0 1 0.75 > * X]
 -       1      * <0.222222 0 0 0 1 0 0.6 0.75 0.5 1 0.75 0.75 0.6 0 0.6 1 0.666667 0.75 1 0 0 0 0 0 0 0 0 0 0 1 1 1 0 0 0.75 > * X]
 +       1      * <0.333333 0 1 0 0 0 0.4 0.25 0 0.75 1 0.5 0.2 0 1 1 1 0.75 0 0 0 0 0 0 0 0 1 0 0 0 1 0 1 0 0.75 > * X]
 +       1      * <0.222222 0 1 0 0 0 0.6 1 0 0.25 0.25 1 0.4 0 1 0.5 0.333333 0.75 0 1 0 0 0 0 0 0 0 0 1 0 1 1 0 0 0.5 > * X]
 -       0.3073 * <0.333333 1 0 0 0 0 0 0.25 0.25 0.5 0 0.25 0.2 0 1 1 0.666667 0.75 0 0 0 0 0 0 0 0 1 0 0 1 1 0 0 1 1 > * X]
 -       1      * <0.444444 0 1 0 0 0 0.8 0.75 0.5 1 0.25 0 0.6 1 1 1 1 0.5 0 0 0 0 0 0 0 0 1 0 1 0.5 1 0 1 0 0.75 > * X]
 -       1      * <0.666667 0 1 0 0 0 0.2 0 0 0.25 0.75 1 0.6 0 1 0.5 0.666667 0.5 0 0 0 0 0 0 1 0 0 0 0 1 1 0 0 1 1 > * X]
 +       1      * <0.111111 0 1 0 0 0 0.8 0.75 0.5 1 0 0.25 0.4 0 0.6 1 0.333333 0.5 0 1 0 0 0 0 0 0 0 0 1 0 1 0 0 1 0.25 > * X]
 +       1      * <0 0 1 0 0 0 0.8 0.25 1 1 0 0.75 0.4 1 1 1 0.666667 0.5 0 0 0 0 0 0 0 0 1 0 0 0.5 1 0 0 1 0.5 > * X]
 +       1      * <0.444444 0 1 0 0 0 0.6 0.25 0 0 0.75 0.25 0.2 1 1 0.5 0.666667 0.25 0 0 0 0 0 0 0 0 1 0 0 0 1 0 1 0 0.75 > * X]
 -       0.0564 * <0.555556 0 0 0 1 0 0.6 0 0.75 1 0.25 0.5 0.4 0 1 0.5 0.333333 0.25 1 0 0 0 0 0 0 0 0 0 1 0 1 0 0 1 0.25 > * X]
 -       1      * <0.222222 0 1 0 0 0 0.6 1 0 0.5 0.25 0.75 0.4 1 1 0.5 0.333333 0.5 0 0 1 0 0 0 0 0 0 0 0 0.5 1 0 0 1 0.75 > * X]
 +       1      * <0.333333 0 0 0 1 0 0 0.75 0.25 0.75 0.5 0 0.2 1 1 1 0.333333 0.5 1 0 0 0 0 0 0 0 0 0 0 1 1 1 0 0 0.5 > * X]
 -       1      * <0.777778 0 1 0 0 0 1 0.5 0.75 1 0.25 0 0.4 0 1 0.5 0.333333 0.5 1 0 0 0 0 0 0 0 0 0 0 0 0.666667 0 1 0 0.75 > * X]
 -       1      * <0.222222 0 0 0 1 0 0.6 0 0.75 0.5 0.25 1 0.6 1 0.8 0.5 0.666667 0.5 1 0 0 0 0 0 0 0 0 0 1 0 0.666667 1 0 0 0.5 > * X]
 +       1      * <0.444444 0 1 0 0 0 0.8 0.5 0.25 0 1 0.75 0.2 1 1 1 0.333333 0.75 1 0 0 0 0 0 0 0 0 0 0 0 1 0 0 1 0.25 > * X]
 -       1      * <0.111111 0 1 0 0 0 1 1 0.75 0.5 0 0.25 0.2 0 1 0.5 0.666667 0.75 0 0 0 0 0 0 0 0 1 0 0 0.5 0.666667 0 1 0 0.75 > * X]
 +       1      * <0.333333 0 1 0 0 0 0.6 0.25 0.5 0.5 0.5 0.75 0.4 0 1 1 0.666667 0.5 0 0 0 0 0 0 0 0 1 0 0 1 1 0 0 1 0.75 > * X]
 -       1      * <0.777778 0 1 0 0 0 0.2 0 0 0.75 0.75 1 0.4 0 0.2 0.5 0 0.5 0 0 0 0 0 0 0 0 1 0 0 0 1 0 1 0 0.75 > * X]
 +       1      * <0.666667 0 1 0 0 0 0 0 0 0.5 0.5 1 0.4 1 1 1 0.333333 0.75 0 0 0 0 0 0 0 0 1 0 0 1 1 1 0 0 1 > * X]
 -       1      * <0.444444 0 1 0 0 0 0.6 0.75 0 1 0.5 0.25 0.8 0 1 1 0.666667 0.75 0 0 0 0 0 0 0 0 1 0 0 0 1 0 0 1 0.5 > * X]
 -       1      * <0.555556 1 0 0 0 0 0.8 0.75 0.5 0 1 0.75 0.4 1 0.8 0.5 0.333333 0.5 1 0 0 0 0 0 0 0 0 0 0 0.5 0.333333 0 1 0 0.25 > * X]
 +       1      * <0.666667 0 1 0 0 0 0 0 0 0.75 1 1 0.2 0 1 1 0 0.25 0 0 0 0 0 0 1 0 0 0 0 0 1 0 1 0 1 > * X]
 +       1      * <0.444444 0 1 0 0 0 0.4 0 0 0.75 0.25 0.25 0.4 1 1 0.5 0.333333 0.75 0 0 0 0 0 0 0 0 0 1 0 0 1 0 0 1 1 > * X]
 +       1      * <0.111111 0 1 0 0 0 1 0.5 0.25 1 0 0.75 0.2 0 1 0.5 0 0.5 0 1 0 0 0 0 0 0 0 0 0 0.5 0.666667 0 1 0 0.5 > * X]
 -       0.0312 * <0.444444 0 1 0 0 0 0.8 1 0.75 0.5 0.25 0 0.4 1 1 0.5 0.666667 0.5 0 0 0 0 0 0 0 0 0 1 0 1 1 0 0 1 0 > * X]
 -       1      * <0.111111 0 1 0 0 0 1 0.5 0.75 1 1 0.5 0.2 1 1 1 0.666667 0.5 1 0 0 0 0 0 0 0 0 0 1 0 0.666667 0 0 1 0.5 > * X]
 +       1      * <0.222222 0 1 0 0 0 0.8 0.75 1 0.75 0.25 0.5 0.2 0 1 1 0.333333 0.75 0 0 0 0 0 0 0 0 1 0 1 0.5 1 0 0 1 0.75 > * X]
 -       0.0067 * <0.222222 0 1 0 0 0 0.6 0 0.75 0.5 0.25 0.25 0.4 0 0.6 0.5 0.333333 0.5 0 0 0 0 0 0 0 0 1 0 0 0.5 1 1 0 0 0.75 > * X]
 +       1      * <0.111111 0 1 0 0 0 1 0.5 0.25 1 0 0.75 0.4 1 1 0.5 0.333333 0.5 0 0 0 0 0 0 0 0 1 0 0 0 1 0 1 0 1 > * X]
 -       1      * <0.222222 0 1 0 0 0 0.8 0 0.5 0.75 1 0.25 0.2 1 1 1 0.666667 0.5 0 0 1 0 0 0 0 0 0 0 0 0 1 0 0 1 0 > * X]
 -       1      * <0.111111 0 1 0 0 0 1 0.5 0 0.5 0 1 0.4 0 1 0.5 1 0.25 0 0 0 0 0 0 0 0 1 0 0 0 1 1 0 0 1 > * X]
 +       1      * <0.111111 0 1 0 0 0 0.8 1 1 1 0.5 0.5 0.2 1 1 0.5 0.333333 0.5 1 0 0 0 0 0 0 0 0 0 0 0.5 1 0 1 0 0.5 > * X]
 -       1      * <0.111111 0 1 0 0 0 0.8 1 0.25 0.75 1 0.5 0.2 1 1 0.5 0 0.75 0 0 1 0 0 0 0 0 0 0 0 0 1 0 0 1 0.5 > * X]
 -       1      * <0.444444 0 0 0 0 1 0.4 0.75 0 1 0 0.25 0.4 0 1 0.5 1 1 0 0 0 0 1 0 0 0 0 0 0 0 0.666667 0 0 1 0.25 > * X]
 +       1      * <0.333333 0 1 0 0 0 1 1 0.75 0.5 0 0.25 0.6 1 1 1 1 0.75 0 0 0 0 0 0 0 0 1 0 1 1 1 1 0 0 0.5 > * X]
 +       1      * <0.333333 0 1 0 0 0 0.4 0 0.25 0 0 0.75 0.4 0 0.2 0 0.333333 0.5 0 0 0 1 0 0 0 0 0 0 0 0 1 0 0 1 0.5 > * X]
 +       1      * <0.444444 0 1 0 0 0 0.8 0.25 1 0.5 0.75 0 0.6 0 0.8 0.5 0.333333 0.5 0 0 0 0 0 0 0 0 1 0 1 0 1 0 0 1 0.25 > * X]
 +       1      * <0.222222 0 1 0 0 0 0.8 0.5 0.75 1 0.25 0 0.4 1 1 1 1 1 0 0 0 0 0 0 0 0 1 0 0 0 1 1 0 0 1 > * X]
 -       1      * <0.222222 0 1 0 0 0 0.8 0 1 0.25 0.75 0.5 0.2 0 1 1 0 1 1 0 0 0 0 0 0 0 0 0 0 0 1 0 0 1 1 > * X]
 -       1      * <0.666667 0 1 0 0 0 0.6 1 0 0.75 0.25 0.5 0.2 1 0.4 1 0.666667 0.75 0 0 1 0 0 0 0 0 0 0 1 0 1 0 0 1 0.5 > * X]
 -       1      * <0.444444 1 0 0 0 0 0.8 0 0.5 1 0.5 0.25 1 1 1 1 0.333333 0.75 0 0 0 0 0 1 0 0 0 0 0 0 1 1 0 0 0.5 > * X]
 +       1      * <0.222222 0 1 0 0 0 0.8 0.5 0 0.25 0.5 0.5 0.2 0 1 1 1 1 1 0 0 0 0 0 0 0 0 0 0 0.5 0.333333 0 0 1 0.5 > * X]
 -       1      * <0.222222 0 1 0 0 0 0.8 0.5 0.25 1 0.75 0 0.2 0 1 1 0.666667 0.5 0 0 1 0 0 0 0 0 0 0 1 0 1 0 1 0 0.5 > * X]
 -       1      * <0.444444 0 1 0 0 0 0.8 0.25 0 0.5 1 0.75 0.2 1 1 1 0 0.75 0 0 1 0 0 0 0 0 0 0 0 0.5 1 1 0 0 0 > * X]
 +       1      * <0.444444 0 1 0 0 0 0.8 0 1 0.5 0.75 0.25 0.4 0 1 0.5 0 0.75 0 0 0 0 0 0 1 0 0 0 0 0 1 0 1 0 0.5 > * X]
 +       1      * <0.555556 0 0 0 1 0 0.6 0.75 0.5 0 0.75 0 0.6 0 0.4 0.5 0 0.5 1 0 0 0 0 0 0 0 0 0 0 0 1 1 0 0 1 > * X]
 +       1      * <0.111111 0 1 0 0 0 0.4 1 1 0.25 0.5 0 0.4 0 1 0 0.333333 0.25 0 0 0 0 0 0 0 0 1 0 0 0 1 0 1 0 0.75 > * X]
 -       1      * <0.444444 0 1 0 0 0 0.8 1 0.25 0.5 0.5 1 0.4 0 1 1 0.333333 1 0 0 0 0 1 0 0 0 0 0 1 0 0.666667 0 0 1 0.75 > * X]
 +       1      * <0.333333 0 1 0 0 0 0 0.25 0.25 0.5 1 1 0.6 0 1 1 0.333333 0.5 0 0 1 0 0 0 0 0 0 0 0 0 1 0 1 0 1 > * X]
 +       1      * <0.333333 0 1 0 0 0 0.6 0.5 0.5 0.25 0.25 0 0.4 0 1 1 0 0.5 0 0 0 0 0 1 0 0 0 0 0 0 1 0 1 0 1 > * X]
 -       1      * <0.555556 1 0 0 0 0 0.8 0 0.25 1 0 0 0.4 1 0.4 0.5 0.333333 0.75 0 0 0 0 0 1 0 0 0 0 0 0 1 0 1 0 0.5 > * X]
 -       1      * <0.222222 0 1 0 0 0 0.4 0.75 0.75 0.5 0.25 0.5 0.2 0 1 1 0.333333 0.5 0 0 0 0 0 0 0 0 1 0 0 0 1 0 0 1 1 > * X]
 -       1      * <0.333333 0 1 0 0 0 1 0.75 0.75 0.25 0.25 0.5 0.8 0 0.6 0.5 0.333333 0.5 1 0 0 0 0 0 0 0 0 0 0 1 1 0 1 0 0.75 > * X]
 +       1      * <0.222222 1 0 0 0 0 0.4 0 1 0 1 0.25 0.6 0 1 1 0 0.75 0 0 0 0 0 0 0 0 0 1 0 1 1 0 0 1 0.5 > * X]
 -       1      * <0.333333 0 1 0 0 0 0.4 0 0.25 0.75 0.75 1 0.4 1 1 1 0.333333 0.5 0 0 0 0 0 0 0 0 1 0 0 0 1 0 0 1 1 > * X]
 -       1      * <0.333333 0 1 0 0 0 0.8 0.5 0.75 0.5 1 1 0.2 1 0.4 1 0.333333 0.5 0 1 0 0 0 0 0 0 0 0 0 0 0.666667 0 0 1 0.75 > * X]
 +       1      * <0.444444 0 1 0 0 0 0.4 0 0.5 0.25 1 1 0.4 0 0.8 0.5 1 1 0 1 0 0 0 0 0 0 0 0 0 0 1 0 0 1 1 > * X]
 +       1      * <0.111111 0 1 0 0 0 1 0.75 1 0 0.75 0 0.6 0 1 0.5 0 1 0 0 0 0 1 0 0 0 0 0 1 0 1 0 1 0 1 > * X]
 -       0.0474 * <0.444444 0 1 0 0 0 0.6 0.5 0.5 0.5 0 0 0 1 1 0.5 0 0.75 0 0 0 0 0 0 0 0 1 0 0 0.5 1 0 0 1 0.75 > * X]
 -       1      * <0.111111 0 1 0 0 0 0.8 0.25 0.75 0 0 0.5 0 0 1 0 0.333333 0 0 0 0 0 0 1 0 0 0 0 0 0 0.666667 0 1 0 0.5 > * X]
 +       1      * <0.111111 0 1 0 0 0 1 1 0.75 0.25 0 0.5 0.2 1 0.8 0 0.333333 0.5 0 0 0 0 0 0 0 0 1 0 0 0 1 1 0 0 0.5 > * X]
 +       1      * <0.111111 0 1 0 0 0 0.2 0.5 0 0 0.75 0 0.6 1 1 0.5 0 0.75 0 1 0 0 0 0 0 0 0 0 0 0.5 1 1 0 0 1 > * X]
 +       1      * <0.222222 0 1 0 0 0 0.6 1 0.5 0.25 0 0.75 0.6 0 1 1 0.333333 0.5 0 0 0 0 0 0 0 0 1 0 0 1 1 0 1 0 0.5 > * X]
 +       1      * <0.333333 0 1 0 0 0 0.6 0.75 0.25 1 0.5 0 0.6 1 1 0.5 0.333333 0.5 0 0 1 0 0 0 0 0 0 0 1 0 1 1 0 0 0.75 > * X]
 -       1      * <0.222222 0 0 1 0 0 0.6 0 0.75 0.25 0.25 0.5 0.2 1 0.6 1 0.333333 0.5 0 0 0 0 0 0 0 0 0 1 0 1 1 0 1 0 0.75 > * X]
 -       1      * <0.111111 0 0 1 0 0 0.8 0 0.75 1 0.5 0.25 0.2 1 0.6 0 0 0.5 0 0 0 0 1 0 0 0 0 0 0 0 0.666667 1 0 0 0.5 > * X]
 +       1      * <0.111111 0 1 0 0 0 1 1 0.5 0.75 0.25 0 0.2 0 1 0 0.333333 0.5 1 0 0 0 0 0 0 0 0 0 0 0 0.666667 1 0 0 1 > * X]
 +       1      * <0.222222 0 1 0 0 0 0.8 0.5 0.75 0.75 0.5 0.25 0.6 0 0.8 1 0.333333 0.75 0 0 0 0 1 0 0 0 0 0 1 0 1 0 0 1 0.75 > * X]
 -       1      * <0.444444 0 0 0 1 0 0.8 0 1 0.25 0.75 0.5 0.4 0 1 1 0.666667 1 1 0 0 0 0 0 0 0 0 0 1 0 1 0 1 0 0.5 > * X]
 +       1      * <0.333333 0 1 0 0 0 0.8 0.5 0.75 0.75 1 0.25 0.2 0 0 0.5 1 0.75 0 0 0 0 0 0 0 0 1 0 0 1 1 0 0 1 0.5 > * X]
 -       1      * <0.444444 0 1 0 0 0 0.8 0 0.25 0.5 1 0.75 0.8 1 1 1 0.333333 1 0 0 1 0 0 0 0 0 0 0 1 0 1 0 0 1 0 > * X]
 -       0.4255 * <0.222222 1 0 0 0 0 0.4 0.5 0.75 1 0.25 0 0.2 0 0.8 0.5 0 0.25 0 0 0 0 0 0 0 0 1 0 1 0 0.666667 0 0 1 0.75 > * X]
 -       1      * <0.444444 0 0 0 1 0 0.8 0.25 0 0.5 0.5 0 0.6 0 1 1 0 0.25 1 0 0 0 0 0 0 0 0 0 0 0.5 0 1 0 0 0 > * X]
 -       0.2905 * <0.444444 0 1 0 0 0 1 0 0.5 0.75 0.25 1 0.4 0 1 0.5 0.333333 0.75 0 0 0 0 0 1 0 0 0 0 0 1 0 0 1 0 0.5 > * X]
 +       1      * <0.111111 0 1 0 0 0 1 0.75 0.5 1 0 0.25 0.4 0 1 1 1 1 0 0 0 0 0 0 0 0 1 0 0 0 0.666667 0 1 0 0.75 > * X]
 +       1      * <0.222222 0 0 1 0 0 1 1 0 0.75 0.25 0.5 0.4 1 1 1 1 1 0 0 0 0 0 0 0 0 1 0 0 0.5 0.666667 0 0 1 0.75 > * X]
 -       1      * <0.333333 0 1 0 0 0 1 1 0.75 0.25 0 0.5 0.2 0 1 0.5 0.333333 0.5 0 0 0 0 0 0 0 0 1 0 0 0 0.666667 0 1 0 0.5 > * X]
 -       1      * <0.222222 0 1 0 0 0 0.8 0 0.75 1 0.5 0.25 0.8 1 1 1 0.666667 0.75 1 0 0 0 0 0 0 0 0 0 0 0 1 0 0 1 0.25 > * X]
 +       1      * <0.333333 0 1 0 0 0 0.6 0.25 0.75 0.5 1 0 0.4 0 0.8 0 0.333333 0.75 0 1 0 0 0 0 0 0 0 0 1 0 0.666667 0 0 1 0.5 > * X]
 -       1      * <0.777778 0 1 0 0 0 0.8 0.75 0.25 0 0.5 1 0.6 1 1 1 1 0.75 0 0 1 0 0 0 0 0 0 0 0 0 1 0 1 0 0.75 > * X]
 -       1      * <0.333333 0 1 0 0 0 0.2 0 0.5 0.25 0.75 0 0.4 0 1 0 1 0.5 0 0 0 0 0 0 0 0 1 0 0 0.5 1 0 1 0 0 > * X]
 -       1      * <0.111111 0 1 0 0 0 0.4 0.25 1 0 0.75 1 0.6 0 1 0 0.333333 1 0 0 0 1 0 0 0 0 0 0 1 0.5 1 0 1 0 1 > * X]
 +       1      * <0.111111 0 1 0 0 0 1 0.75 0.75 0.75 0.25 0.5 0.2 0 1 1 0.333333 0.5 1 0 0 0 0 0 0 0 0 0 0 0 1 0 1 0 0.75 > * X]
 -       0.0449 * <0.444444 0 1 0 0 0 0.4 0 0.5 0.25 0 0 0.2 1 1 1 0.333333 0.5 0 0 0 0 0 0 0 0 0 1 0 1 1 0 0 1 1 > * X]
 -       0.2354 * <0 1 0 0 0 0 0.4 1 0.5 0.75 0.5 0.25 0.4 1 1 0.5 0.666667 0.5 0 0 0 0 0 0 0 0 0 1 0 1 1 0 0 1 0.75 > * X]
 +       1      * <0.111111 0 1 0 0 0 0 0.5 0 0.5 0.5 1 0.2 0 1 1 0 0.75 1 0 0 0 0 0 0 0 0 0 0 0 0.666667 0 0 1 0.5 > * X]
 +       1      * <0.777778 0 1 0 0 0 0.8 0.5 0.75 1 0.25 0 0.6 1 1 1 0.333333 1 0 0 0 0 0 0 0 0 1 0 0 0 1 0 0 1 0.5 > * X]
 -       1      * <0.222222 0 0 1 0 0 1 0.75 0.25 0.75 0.25 1 0.2 1 0.6 0.5 0.666667 1 0 0 0 0 0 0 0 0 0 1 0 0.5 1 0 0 1 1 > * X]
 -       1      * <0.222222 0 1 0 0 0 1 1 1 0.75 0.75 0.5 0.2 0 1 0.5 0.333333 0.75 1 0 0 0 0 0 0 0 0 0 0 0 0.333333 0 1 0 0.25 > * X]
 -       1      * <0.444444 0 0 1 0 0 0.8 0.5 0 1 0.75 0.25 0.4 1 1 0 0.666667 0.5 0 0 0 0 1 0 0 0 0 0 0 0 0.666667 1 0 0 0.5 > * X]
 -       1      * <0.222222 0 1 0 0 0 0.6 0 0.75 0.5 0.25 0.25 0.4 0 0.4 1 0.333333 0.75 0 0 0 0 0 1 0 0 0 0 0 0 0.333333 0 0 1 0.25 > * X]
 +       1      * <0.444444 0 1 0 0 0 0.6 0.25 0 0 0.75 0.25 0.2 1 1 0.5 0.666667 0.25 0 0 0 0 0 0 0 0 1 0 0 0 1 0 1 0 0.75 > * X]
 +       1      * <0.555556 0 1 0 0 0 0.2 0 0.25 0.5 0.5 1 0.2 1 1 1 1 0.75 0 0 0 0 0 0 0 0 1 0 1 0.5 1 0 0 1 1 > * X]
 +       1      * <0.444444 0 1 0 0 0 0.6 0.5 0.75 0.25 0 1 0.2 1 0.4 1 1 0.5 0 0 1 0 0 0 0 0 0 0 0 0.5 0.333333 0 0 1 0.5 > * X]
 -       0.702  * <0.111111 0 1 0 0 0 1 0.75 0.75 1 0 0.25 0.4 0 1 0 0.333333 0.5 1 0 0 0 0 0 0 0 0 0 0 0 1 0 0 1 1 > * X]
 +       1      * <0.222222 0 1 0 0 0 1 0.5 0.25 1 0 0.75 0.2 0 0.8 0.5 0 0.5 0 0 0 0 0 0 0 0 1 0 1 0 0.666667 0 1 0 0.5 > * X]
 -       0.0333 * <0.555556 0 0 0 1 0 0.6 0 0.75 1 0.25 0.5 0.4 0 1 0.5 0.333333 0.25 1 0 0 0 0 0 0 0 0 0 1 0 1 0 0 1 0.25 > * X]
 +       1      * <0.555556 0 1 0 0 0 0.6 0 0.5 0.5 0.75 1 1 0 0.4 0.5 0.666667 0.5 0 0 0 0 0 0 0 0 1 0 0 0 1 0 0 1 1 > * X]
 +       1      * <0.555556 0 1 0 0 0 0 0.25 0.25 0.5 0.75 1 0.4 0 1 0.5 0 0 0 0 0 0 0 1 0 0 0 0 0 0 0 0 0 1 0 > * X]
 -       1      * <0.222222 0 1 0 0 0 0.4 0 0.5 1 0.25 0.25 0.4 0 1 0.5 1 1 0 0 0 0 0 0 0 0 1 0 0 0 1 1 0 0 0.5 > * X]
 +       1      * <0.444444 0 0 1 0 0 1 0.5 1 0.75 0.25 0 0.2 0 0.8 0.5 0 1 0 0 0 0 1 0 0 0 0 0 0 0 1 0 0 1 0 > * X]
 -       1      * <0.444444 0 0 1 0 0 0.6 0.75 0.5 1 0 0.25 0.2 1 1 1 1 0.75 0 0 0 0 1 0 0 0 0 0 1 0 0 1 0 0 0 > * X]
 +       1      * <0.555556 0 0 0 1 0 1 0.25 0.25 0.25 1 0.25 0.8 0 1 0.5 1 0.75 0 0 0 0 1 0 0 0 0 0 1 0 0.666667 0 1 0 0.75 > * X]
 -       0.1784 * <0.222222 0 1 0 0 0 0.2 0 0.75 0.5 0.25 0.5 0.2 1 1 1 0.333333 0.5 0 0 0 0 0 0 0 0 1 0 0 0 1 0 0 1 0.75 > * X]
 -       1      * <0.444444 0 1 0 0 0 0 0.75 0.75 0.5 0.25 0.5 1 0 1 1 0 0.5 0 0 0 0 0 0 1 0 0 0 1 0 1 0 1 0 1 > * X]
 -       1      * <0.555556 0 0 1 0 0 0.6 0.25 0.75 1 1 0.75 0.4 1 1 0.5 0.666667 0.5 1 0 0 0 0 0 0 0 0 0 1 0 1 1 0 0 1 > * X]
 -       1      * <0.111111 0 1 0 0 0 0.4 0 0 0.5 0 0.25 0.2 0 1 1 0.666667 0.75 0 0 0 0 1 0 0 0 0 0 0 1 0.666667 1 0 0 0.5 > * X]
 -       0.0695 * <0.333333 0 0 0 1 0 0.6 0 1 0.75 0.25 0.5 0.4 1 1 1 0.333333 0.5 1 0 0 0 0 0 0 0 0 0 1 0 1 0 1 0 0.25 > * X]
 -       0.7598

Number of support vectors: 292

Number of kernel evaluations: 52449 (90.984% cached)

Calibration model fit to the output:
Logistic Regression with ridge parameter of 1.0E-8
Coefficients...
                 Class
Variable     Satisfied
======================
pred           -8.7219
Intercept      -7.9288


Odds Ratios...
                 Class
Variable     Satisfied
======================
pred            0.0002




Time taken to build model: 0.14 seconds

=== Stratified cross-validation ===
=== Summary ===

Correctly Classified Instances         192               39.0244 %
Incorrectly Classified Instances       300               60.9756 %
Kappa statistic                          0.1164
Mean absolute error                      0.2699
Root mean squared error                  0.3807
Relative absolute error                 94.2982 %
Root relative squared error            100.6944 %
Total Number of Instances              492     

=== Detailed Accuracy By Class ===

                 TP Rate  FP Rate  Precision  Recall   F-Measure  MCC      ROC Area  PRC Area  Class
                 0.389    0.015    0.500      0.389    0.438      0.422    0.668     0.332     Very Dissatisfied
                 0.063    0.048    0.083      0.063    0.071      0.017    0.623     0.095     Dissatisfied
                 0.271    0.126    0.405      0.271    0.325      0.169    0.646     0.356     Neutral
                 0.606    0.490    0.433      0.606    0.506      0.113    0.605     0.465     Satisfied
                 0.272    0.211    0.330      0.272    0.298      0.065    0.592     0.319     Very Satisfied
Weighted Avg.    0.390    0.279    0.378      0.390    0.374      0.119    0.615     0.369     

=== Confusion Matrix ===

   a   b   c   d   e   <-- classified as
   7   2   1   5   3 |   a = Very Dissatisfied
   2   2   7  15   6 |   b = Dissatisfied
   1   7  32  54  24 |   c = Neutral
   0  11  21 114  42 |   d = Satisfied
   4   2  18  75  37 |   e = Very Satisfied

